[     411ms] [WARNING] Alpine Expression Error: Invalid or unexpected token

Expression: "{
            rows: @js($desglosePorItem),
            sortKey: 'total', sortAsc: false,
            page: 1, perPage: 25,
            sort(k) { this.sortKey === k ? (this.sortAsc = !this.sortAsc) : (this.sortKey = k, this.sortAsc = true); this.page = 1; },
            get sorted() {
                const k = this.sortKey, dir = this.sortAsc ? 1 : -1;
                return [...this.rows].sort((a, b) => {
                    const x = a[k], y = b[k];
                    return (typeof x === 'number' && typeof y === 'number')
                        ? (x - y) * dir
                        : String(x).localeCompare(String(y), 'es', { numeric: true }) * dir;
                });
            },
            get effPerPage() { return this.perPage === 0 ? Math.max(this.sorted.length, 1) : this.perPage; },
            get pages() { return Math.max(1, Math.ceil(this.sorted.length / this.effPerPage)); },
            get pageRows() { const s = (this.page - 1) * this.effPerPage; return this.sorted.slice(s, s + this.effPerPage); },
            get totalCantidad() { return this.rows.reduce((a, r) => a + r.cantidad, 0); },
            get totalTotal() { return this.rows.reduce((a, r) => a + r.total, 0); },
            fmt(n) { return new Intl.NumberFormat('es-CO').format(n); },
        }"

 JSHandle@node @ http://[::1]:5173/node_modules/.vite/deps/alpinejs.js?v=415d4dfb:425
[     412ms] [WARNING] Alpine Expression Error: Invalid or unexpected token

Expression: "{
            ventas: @js($ventasData),
            csrf: 'QCTnic32KmOJX22PB1kYUcd20AZ3rGd8HUFBvmeW',
            open: null,
            sortKey: 'ts', sortAsc: false,
            page: 1, perPage: 25,
            sort(k) { this.sortKey === k ? (this.sortAsc = !this.sortAsc) : (this.sortKey = k, this.sortAsc = true); this.page = 1; },
            get sorted() {
                const k = this.sortKey, dir = this.sortAsc ? 1 : -1;
                return [...this.ventas].sort((a, b) => {
                    const x = a[k], y = b[k];
                    return (typeof x === 'number' && typeof y === 'number')
                        ? (x - y) * dir
                        : String(x).localeCompare(String(y), 'es', { numeric: true }) * dir;
                });
            },
            get effPerPage() { return this.perPage === 0 ? Math.max(this.sorted.length, 1) : this.perPage; },
            get pages() { return Math.max(1, Math.ceil(this.sorted.length / this.effPerPage)); },
            get pageRows() { const s = (this.page - 1) * this.effPerPage; return this.sorted.slice(s, s + this.effPerPage); },
            fmt(n) { return new Intl.NumberFormat('es-CO').format(n); },
            confirmDelete(e) { if (!confirm('¿Eliminar esta venta?')) e.preventDefault(); },
        }"

 JSHandle@node @ http://[::1]:5173/node_modules/.vite/deps/alpinejs.js?v=415d4dfb:425
[     413ms] [WARNING] Alpine Expression Error: rows is not defined

Expression: "`(${rows.length})`"

 JSHandle@node @ http://[::1]:5173/node_modules/.vite/deps/alpinejs.js?v=415d4dfb:425
[     413ms] [WARNING] Alpine Expression Error: sortKey is not defined

Expression: "sortKey === 'nombre'"

 JSHandle@node @ http://[::1]:5173/node_modules/.vite/deps/alpinejs.js?v=415d4dfb:425
[     413ms] [WARNING] Alpine Expression Error: sortAsc is not defined

Expression: "sortAsc"

 JSHandle@node @ http://[::1]:5173/node_modules/.vite/deps/alpinejs.js?v=415d4dfb:425
[     413ms] [WARNING] Alpine Expression Error: sortAsc is not defined

Expression: "!sortAsc"

 JSHandle@node @ http://[::1]:5173/node_modules/.vite/deps/alpinejs.js?v=415d4dfb:425
[     413ms] [WARNING] Alpine Expression Error: sortKey is not defined

Expression: "sortKey === 'cantidad'"

 JSHandle@node @ http://[::1]:5173/node_modules/.vite/deps/alpinejs.js?v=415d4dfb:425
[     413ms] [WARNING] Alpine Expression Error: sortAsc is not defined

Expression: "sortAsc"

 JSHandle@node @ http://[::1]:5173/node_modules/.vite/deps/alpinejs.js?v=415d4dfb:425
[     413ms] [WARNING] Alpine Expression Error: sortAsc is not defined

Expression: "!sortAsc"

 JSHandle@node @ http://[::1]:5173/node_modules/.vite/deps/alpinejs.js?v=415d4dfb:425
[     414ms] [WARNING] Alpine Expression Error: sortKey is not defined

Expression: "sortKey === 'total'"

 JSHandle@node @ http://[::1]:5173/node_modules/.vite/deps/alpinejs.js?v=415d4dfb:425
[     414ms] [WARNING] Alpine Expression Error: sortAsc is not defined

Expression: "sortAsc"

 JSHandle@node @ http://[::1]:5173/node_modules/.vite/deps/alpinejs.js?v=415d4dfb:425
[     414ms] [WARNING] Alpine Expression Error: sortAsc is not defined

Expression: "!sortAsc"

 JSHandle@node @ http://[::1]:5173/node_modules/.vite/deps/alpinejs.js?v=415d4dfb:425
[     414ms] [WARNING] Alpine Expression Error: pageRows is not defined

Expression: "pageRows"

 JSHandle@node @ http://[::1]:5173/node_modules/.vite/deps/alpinejs.js?v=415d4dfb:425
[     414ms] [WARNING] Alpine Expression Error: rows is not defined

Expression: "rows.length === 0"

 JSHandle@node @ http://[::1]:5173/node_modules/.vite/deps/alpinejs.js?v=415d4dfb:425
[     414ms] [WARNING] Alpine Expression Error: rows is not defined

Expression: "rows.length > 0"

 JSHandle@node @ http://[::1]:5173/node_modules/.vite/deps/alpinejs.js?v=415d4dfb:425
[     414ms] [WARNING] Alpine Expression Error: fmt is not defined

Expression: "fmt(totalCantidad)"

 JSHandle@node @ http://[::1]:5173/node_modules/.vite/deps/alpinejs.js?v=415d4dfb:425
[     414ms] [WARNING] Alpine Expression Error: fmt is not defined

Expression: "'$ ' + fmt(totalTotal)"

 JSHandle@node @ http://[::1]:5173/node_modules/.vite/deps/alpinejs.js?v=415d4dfb:425
[     414ms] [WARNING] Alpine Expression Error: rows is not defined

Expression: "rows.length > 0"

 JSHandle@node @ http://[::1]:5173/node_modules/.vite/deps/alpinejs.js?v=415d4dfb:425
[     414ms] [WARNING] Alpine Expression Error: perPage is not defined

Expression: "perPage"

 JSHandle@node @ http://[::1]:5173/node_modules/.vite/deps/alpinejs.js?v=415d4dfb:425
[     414ms] [WARNING] Alpine Expression Error: page is not defined

Expression: "`Página ${page} de ${pages}`"

 JSHandle@node @ http://[::1]:5173/node_modules/.vite/deps/alpinejs.js?v=415d4dfb:425
[     414ms] [WARNING] Alpine Expression Error: page is not defined

Expression: "page === 1"

 JSHandle@node @ http://[::1]:5173/node_modules/.vite/deps/alpinejs.js?v=415d4dfb:425
[     414ms] [WARNING] Alpine Expression Error: page is not defined

Expression: "page === pages"

 JSHandle@node @ http://[::1]:5173/node_modules/.vite/deps/alpinejs.js?v=415d4dfb:425
[     414ms] [WARNING] Alpine Expression Error: ventas is not defined

Expression: "`(${ventas.length})`"

 JSHandle@node @ http://[::1]:5173/node_modules/.vite/deps/alpinejs.js?v=415d4dfb:425
[     414ms] [WARNING] Alpine Expression Error: sortKey is not defined

Expression: "sortKey === 'ts'"

 JSHandle@node @ http://[::1]:5173/node_modules/.vite/deps/alpinejs.js?v=415d4dfb:425
[     414ms] [WARNING] Alpine Expression Error: sortAsc is not defined

Expression: "sortAsc"

 JSHandle@node @ http://[::1]:5173/node_modules/.vite/deps/alpinejs.js?v=415d4dfb:425
[     414ms] [WARNING] Alpine Expression Error: sortAsc is not defined

Expression: "!sortAsc"

 JSHandle@node @ http://[::1]:5173/node_modules/.vite/deps/alpinejs.js?v=415d4dfb:425
[     414ms] [WARNING] Alpine Expression Error: sortKey is not defined

Expression: "sortKey === 'cajero'"

 JSHandle@node @ http://[::1]:5173/node_modules/.vite/deps/alpinejs.js?v=415d4dfb:425
[     414ms] [WARNING] Alpine Expression Error: sortAsc is not defined

Expression: "sortAsc"

 JSHandle@node @ http://[::1]:5173/node_modules/.vite/deps/alpinejs.js?v=415d4dfb:425
[     414ms] [WARNING] Alpine Expression Error: sortAsc is not defined

Expression: "!sortAsc"

 JSHandle@node @ http://[::1]:5173/node_modules/.vite/deps/alpinejs.js?v=415d4dfb:425
[     414ms] [WARNING] Alpine Expression Error: sortKey is not defined

Expression: "sortKey === 'items_count'"

 JSHandle@node @ http://[::1]:5173/node_modules/.vite/deps/alpinejs.js?v=415d4dfb:425
[     415ms] [WARNING] Alpine Expression Error: sortAsc is not defined

Expression: "sortAsc"

 JSHandle@node @ http://[::1]:5173/node_modules/.vite/deps/alpinejs.js?v=415d4dfb:425
[     415ms] [WARNING] Alpine Expression Error: sortAsc is not defined

Expression: "!sortAsc"

 JSHandle@node @ http://[::1]:5173/node_modules/.vite/deps/alpinejs.js?v=415d4dfb:425
[     415ms] [WARNING] Alpine Expression Error: sortKey is not defined

Expression: "sortKey === 'total'"

 JSHandle@node @ http://[::1]:5173/node_modules/.vite/deps/alpinejs.js?v=415d4dfb:425
[     415ms] [WARNING] Alpine Expression Error: sortAsc is not defined

Expression: "sortAsc"

 JSHandle@node @ http://[::1]:5173/node_modules/.vite/deps/alpinejs.js?v=415d4dfb:425
[     415ms] [WARNING] Alpine Expression Error: sortAsc is not defined

Expression: "!sortAsc"

 JSHandle@node @ http://[::1]:5173/node_modules/.vite/deps/alpinejs.js?v=415d4dfb:425
[     415ms] [WARNING] Alpine Expression Error: sortKey is not defined

Expression: "sortKey === 'cambio'"

 JSHandle@node @ http://[::1]:5173/node_modules/.vite/deps/alpinejs.js?v=415d4dfb:425
[     415ms] [WARNING] Alpine Expression Error: sortAsc is not defined

Expression: "sortAsc"

 JSHandle@node @ http://[::1]:5173/node_modules/.vite/deps/alpinejs.js?v=415d4dfb:425
[     415ms] [WARNING] Alpine Expression Error: sortAsc is not defined

Expression: "!sortAsc"

 JSHandle@node @ http://[::1]:5173/node_modules/.vite/deps/alpinejs.js?v=415d4dfb:425
[     415ms] [WARNING] Alpine Expression Error: pageRows is not defined

Expression: "pageRows"

 JSHandle@node @ http://[::1]:5173/node_modules/.vite/deps/alpinejs.js?v=415d4dfb:425
[     415ms] [WARNING] Alpine Expression Error: ventas is not defined

Expression: "ventas.length === 0"

 JSHandle@node @ http://[::1]:5173/node_modules/.vite/deps/alpinejs.js?v=415d4dfb:425
[     415ms] [WARNING] Alpine Expression Error: ventas is not defined

Expression: "ventas.length > 0"

 JSHandle@node @ http://[::1]:5173/node_modules/.vite/deps/alpinejs.js?v=415d4dfb:425
[     415ms] [WARNING] Alpine Expression Error: perPage is not defined

Expression: "perPage"

 JSHandle@node @ http://[::1]:5173/node_modules/.vite/deps/alpinejs.js?v=415d4dfb:425
[     415ms] [WARNING] Alpine Expression Error: page is not defined

Expression: "`Página ${page} de ${pages}`"

 JSHandle@node @ http://[::1]:5173/node_modules/.vite/deps/alpinejs.js?v=415d4dfb:425
[     415ms] [WARNING] Alpine Expression Error: page is not defined

Expression: "page === 1"

 JSHandle@node @ http://[::1]:5173/node_modules/.vite/deps/alpinejs.js?v=415d4dfb:425
[     415ms] [WARNING] Alpine Expression Error: page is not defined

Expression: "page === pages"

 JSHandle@node @ http://[::1]:5173/node_modules/.vite/deps/alpinejs.js?v=415d4dfb:425
[     427ms] [WARNING] Alpine Expression Error: sortAsc is not defined

Expression: "sortAsc"

 JSHandle@node @ http://[::1]:5173/node_modules/.vite/deps/alpinejs.js?v=415d4dfb:425
[     427ms] [WARNING] Alpine Expression Error: sortAsc is not defined

Expression: "!sortAsc"

 JSHandle@node @ http://[::1]:5173/node_modules/.vite/deps/alpinejs.js?v=415d4dfb:425
[     427ms] [WARNING] Alpine Expression Error: sortAsc is not defined

Expression: "sortAsc"

 JSHandle@node @ http://[::1]:5173/node_modules/.vite/deps/alpinejs.js?v=415d4dfb:425
[     427ms] [WARNING] Alpine Expression Error: sortAsc is not defined

Expression: "!sortAsc"

 JSHandle@node @ http://[::1]:5173/node_modules/.vite/deps/alpinejs.js?v=415d4dfb:425
[     427ms] [WARNING] Alpine Expression Error: sortAsc is not defined

Expression: "sortAsc"

 JSHandle@node @ http://[::1]:5173/node_modules/.vite/deps/alpinejs.js?v=415d4dfb:425
[     427ms] [WARNING] Alpine Expression Error: sortAsc is not defined

Expression: "!sortAsc"

 JSHandle@node @ http://[::1]:5173/node_modules/.vite/deps/alpinejs.js?v=415d4dfb:425
[     427ms] [WARNING] Alpine Expression Error: sortAsc is not defined

Expression: "sortAsc"

 JSHandle@node @ http://[::1]:5173/node_modules/.vite/deps/alpinejs.js?v=415d4dfb:425
[     427ms] [WARNING] Alpine Expression Error: sortAsc is not defined

Expression: "!sortAsc"

 JSHandle@node @ http://[::1]:5173/node_modules/.vite/deps/alpinejs.js?v=415d4dfb:425
[     427ms] [WARNING] Alpine Expression Error: sortAsc is not defined

Expression: "sortAsc"

 JSHandle@node @ http://[::1]:5173/node_modules/.vite/deps/alpinejs.js?v=415d4dfb:425
[     427ms] [WARNING] Alpine Expression Error: sortAsc is not defined

Expression: "!sortAsc"

 JSHandle@node @ http://[::1]:5173/node_modules/.vite/deps/alpinejs.js?v=415d4dfb:425
[     427ms] [WARNING] Alpine Expression Error: sortAsc is not defined

Expression: "sortAsc"

 JSHandle@node @ http://[::1]:5173/node_modules/.vite/deps/alpinejs.js?v=415d4dfb:425
[     427ms] [WARNING] Alpine Expression Error: sortAsc is not defined

Expression: "!sortAsc"

 JSHandle@node @ http://[::1]:5173/node_modules/.vite/deps/alpinejs.js?v=415d4dfb:425
[     427ms] [WARNING] Alpine Expression Error: sortAsc is not defined

Expression: "sortAsc"

 JSHandle@node @ http://[::1]:5173/node_modules/.vite/deps/alpinejs.js?v=415d4dfb:425
[     427ms] [WARNING] Alpine Expression Error: sortAsc is not defined

Expression: "!sortAsc"

 JSHandle@node @ http://[::1]:5173/node_modules/.vite/deps/alpinejs.js?v=415d4dfb:425
[     427ms] [WARNING] Alpine Expression Error: sortAsc is not defined

Expression: "sortAsc"

 JSHandle@node @ http://[::1]:5173/node_modules/.vite/deps/alpinejs.js?v=415d4dfb:425
[     428ms] [WARNING] Alpine Expression Error: sortAsc is not defined

Expression: "!sortAsc"

 JSHandle@node @ http://[::1]:5173/node_modules/.vite/deps/alpinejs.js?v=415d4dfb:425
[     432ms] [ERROR] [sopas] error global: SyntaxError: Invalid or unexpected token
    at new AsyncFunction (<anonymous>)
    at safeAsyncFunction (http://[::1]:5173/node_modules/.vite/deps/alpinejs.js?v=415d4dfb:477:19)
    at generateFunctionFromString (http://[::1]:5173/node_modules/.vite/deps/alpinejs.js?v=415d4dfb:490:14)
    at generateEvaluatorFromString (http://[::1]:5173/node_modules/.vite/deps/alpinejs.js?v=415d4dfb:495:14)
    at normalEvaluator (http://[::1]:5173/node_modules/.vite/deps/alpinejs.js?v=415d4dfb:457:109)
    at evaluateLater (http://[::1]:5173/node_modules/.vite/deps/alpinejs.js?v=415d4dfb:447:10)
    at evaluate (http://[::1]:5173/node_modules/.vite/deps/alpinejs.js?v=415d4dfb:443:3)
    at Function.<anonymous> (http://[::1]:5173/node_modules/.vite/deps/alpinejs.js?v=415d4dfb:2943:15)
    at flushHandlers (http://[::1]:5173/node_modules/.vite/deps/alpinejs.js?v=415d4dfb:587:46)
    at stopDeferring (http://[::1]:5173/node_modules/.vite/deps/alpinejs.js?v=415d4dfb:592:5) @ http://[::1]:5173/resources/js/app.js:146
[     433ms] SyntaxError: Invalid or unexpected token
    at new AsyncFunction (<anonymous>)
    at safeAsyncFunction (http://[::1]:5173/node_modules/.vite/deps/alpinejs.js?v=415d4dfb:477:19)
    at generateFunctionFromString (http://[::1]:5173/node_modules/.vite/deps/alpinejs.js?v=415d4dfb:490:14)
    at generateEvaluatorFromString (http://[::1]:5173/node_modules/.vite/deps/alpinejs.js?v=415d4dfb:495:14)
    at normalEvaluator (http://[::1]:5173/node_modules/.vite/deps/alpinejs.js?v=415d4dfb:457:109)
    at evaluateLater (http://[::1]:5173/node_modules/.vite/deps/alpinejs.js?v=415d4dfb:447:10)
    at evaluate (http://[::1]:5173/node_modules/.vite/deps/alpinejs.js?v=415d4dfb:443:3)
    at Function.<anonymous> (http://[::1]:5173/node_modules/.vite/deps/alpinejs.js?v=415d4dfb:2943:15)
    at flushHandlers (http://[::1]:5173/node_modules/.vite/deps/alpinejs.js?v=415d4dfb:587:46)
    at stopDeferring (http://[::1]:5173/node_modules/.vite/deps/alpinejs.js?v=415d4dfb:592:5)
[     433ms] [ERROR] [sopas] error global: SyntaxError: Invalid or unexpected token
    at new AsyncFunction (<anonymous>)
    at safeAsyncFunction (http://[::1]:5173/node_modules/.vite/deps/alpinejs.js?v=415d4dfb:477:19)
    at generateFunctionFromString (http://[::1]:5173/node_modules/.vite/deps/alpinejs.js?v=415d4dfb:490:14)
    at generateEvaluatorFromString (http://[::1]:5173/node_modules/.vite/deps/alpinejs.js?v=415d4dfb:495:14)
    at normalEvaluator (http://[::1]:5173/node_modules/.vite/deps/alpinejs.js?v=415d4dfb:457:109)
    at evaluateLater (http://[::1]:5173/node_modules/.vite/deps/alpinejs.js?v=415d4dfb:447:10)
    at evaluate (http://[::1]:5173/node_modules/.vite/deps/alpinejs.js?v=415d4dfb:443:3)
    at Function.<anonymous> (http://[::1]:5173/node_modules/.vite/deps/alpinejs.js?v=415d4dfb:2943:15)
    at flushHandlers (http://[::1]:5173/node_modules/.vite/deps/alpinejs.js?v=415d4dfb:587:46)
    at stopDeferring (http://[::1]:5173/node_modules/.vite/deps/alpinejs.js?v=415d4dfb:592:5) @ http://[::1]:5173/resources/js/app.js:146
[     434ms] SyntaxError: Invalid or unexpected token
    at new AsyncFunction (<anonymous>)
    at safeAsyncFunction (http://[::1]:5173/node_modules/.vite/deps/alpinejs.js?v=415d4dfb:477:19)
    at generateFunctionFromString (http://[::1]:5173/node_modules/.vite/deps/alpinejs.js?v=415d4dfb:490:14)
    at generateEvaluatorFromString (http://[::1]:5173/node_modules/.vite/deps/alpinejs.js?v=415d4dfb:495:14)
    at normalEvaluator (http://[::1]:5173/node_modules/.vite/deps/alpinejs.js?v=415d4dfb:457:109)
    at evaluateLater (http://[::1]:5173/node_modules/.vite/deps/alpinejs.js?v=415d4dfb:447:10)
    at evaluate (http://[::1]:5173/node_modules/.vite/deps/alpinejs.js?v=415d4dfb:443:3)
    at Function.<anonymous> (http://[::1]:5173/node_modules/.vite/deps/alpinejs.js?v=415d4dfb:2943:15)
    at flushHandlers (http://[::1]:5173/node_modules/.vite/deps/alpinejs.js?v=415d4dfb:587:46)
    at stopDeferring (http://[::1]:5173/node_modules/.vite/deps/alpinejs.js?v=415d4dfb:592:5)
[     435ms] [ERROR] [sopas] error global: ReferenceError: rows is not defined
    at [Alpine] `(${rows.length})` (eval at safeAsyncFunction (http://[::1]:5173/node_modules/.vite/deps/alpinejs.js?v=415d4dfb:477:19), <anonymous>:3:36)
    at http://[::1]:5173/node_modules/.vite/deps/alpinejs.js?v=415d4dfb:502:21
    at tryCatch (http://[::1]:5173/node_modules/.vite/deps/alpinejs.js?v=415d4dfb:416:12)
    at http://[::1]:5173/node_modules/.vite/deps/alpinejs.js?v=415d4dfb:2875:5
    at reactiveEffect (http://[::1]:5173/node_modules/.vite/deps/alpinejs.js?v=415d4dfb:1746:16)
    at Object.effect2 [as effect] (http://[::1]:5173/node_modules/.vite/deps/alpinejs.js?v=415d4dfb:1721:5)
    at effect (http://[::1]:5173/node_modules/.vite/deps/alpinejs.js?v=415d4dfb:51:33)
    at wrappedEffect (http://[::1]:5173/node_modules/.vite/deps/alpinejs.js?v=415d4dfb:67:27)
    at Function.<anonymous> (http://[::1]:5173/node_modules/.vite/deps/alpinejs.js?v=415d4dfb:2874:3)
    at flushHandlers (http://[::1]:5173/node_modules/.vite/deps/alpinejs.js?v=415d4dfb:587:46) @ http://[::1]:5173/resources/js/app.js:146
[     435ms] ReferenceError: rows is not defined
    at [Alpine] `(${rows.length})` (eval at safeAsyncFunction (http://[::1]:5173/node_modules/.vite/deps/alpinejs.js?v=415d4dfb:477:19), <anonymous>:3:36)
    at http://[::1]:5173/node_modules/.vite/deps/alpinejs.js?v=415d4dfb:502:21
    at tryCatch (http://[::1]:5173/node_modules/.vite/deps/alpinejs.js?v=415d4dfb:416:12)
    at http://[::1]:5173/node_modules/.vite/deps/alpinejs.js?v=415d4dfb:2875:5
    at reactiveEffect (http://[::1]:5173/node_modules/.vite/deps/alpinejs.js?v=415d4dfb:1746:16)
    at Object.effect2 [as effect] (http://[::1]:5173/node_modules/.vite/deps/alpinejs.js?v=415d4dfb:1721:5)
    at effect (http://[::1]:5173/node_modules/.vite/deps/alpinejs.js?v=415d4dfb:51:33)
    at wrappedEffect (http://[::1]:5173/node_modules/.vite/deps/alpinejs.js?v=415d4dfb:67:27)
    at Function.<anonymous> (http://[::1]:5173/node_modules/.vite/deps/alpinejs.js?v=415d4dfb:2874:3)
    at flushHandlers (http://[::1]:5173/node_modules/.vite/deps/alpinejs.js?v=415d4dfb:587:46)
[     435ms] [ERROR] [sopas] error global: ReferenceError: sortKey is not defined
    at [Alpine] sortKey === 'nombre' (eval at safeAsyncFunction (http://[::1]:5173/node_modules/.vite/deps/alpinejs.js?v=415d4dfb:477:19), <anonymous>:3:32)
    at http://[::1]:5173/node_modules/.vite/deps/alpinejs.js?v=415d4dfb:502:21
    at tryCatch (http://[::1]:5173/node_modules/.vite/deps/alpinejs.js?v=415d4dfb:416:12)
    at http://[::1]:5173/node_modules/.vite/deps/alpinejs.js?v=415d4dfb:3008:17
    at reactiveEffect (http://[::1]:5173/node_modules/.vite/deps/alpinejs.js?v=415d4dfb:1746:16)
    at Object.effect2 [as effect] (http://[::1]:5173/node_modules/.vite/deps/alpinejs.js?v=415d4dfb:1721:5)
    at effect (http://[::1]:5173/node_modules/.vite/deps/alpinejs.js?v=415d4dfb:51:33)
    at wrappedEffect (http://[::1]:5173/node_modules/.vite/deps/alpinejs.js?v=415d4dfb:67:27)
    at Function.<anonymous> (http://[::1]:5173/node_modules/.vite/deps/alpinejs.js?v=415d4dfb:3008:3)
    at flushHandlers (http://[::1]:5173/node_modules/.vite/deps/alpinejs.js?v=415d4dfb:587:46) @ http://[::1]:5173/resources/js/app.js:146
[     435ms] ReferenceError: sortKey is not defined
    at [Alpine] sortKey === 'nombre' (eval at safeAsyncFunction (http://[::1]:5173/node_modules/.vite/deps/alpinejs.js?v=415d4dfb:477:19), <anonymous>:3:32)
    at http://[::1]:5173/node_modules/.vite/deps/alpinejs.js?v=415d4dfb:502:21
    at tryCatch (http://[::1]:5173/node_modules/.vite/deps/alpinejs.js?v=415d4dfb:416:12)
    at http://[::1]:5173/node_modules/.vite/deps/alpinejs.js?v=415d4dfb:3008:17
    at reactiveEffect (http://[::1]:5173/node_modules/.vite/deps/alpinejs.js?v=415d4dfb:1746:16)
    at Object.effect2 [as effect] (http://[::1]:5173/node_modules/.vite/deps/alpinejs.js?v=415d4dfb:1721:5)
    at effect (http://[::1]:5173/node_modules/.vite/deps/alpinejs.js?v=415d4dfb:51:33)
    at wrappedEffect (http://[::1]:5173/node_modules/.vite/deps/alpinejs.js?v=415d4dfb:67:27)
    at Function.<anonymous> (http://[::1]:5173/node_modules/.vite/deps/alpinejs.js?v=415d4dfb:3008:3)
    at flushHandlers (http://[::1]:5173/node_modules/.vite/deps/alpinejs.js?v=415d4dfb:587:46)
[     436ms] [ERROR] [sopas] error global: ReferenceError: sortAsc is not defined
    at [Alpine] sortAsc (eval at safeAsyncFunction (http://[::1]:5173/node_modules/.vite/deps/alpinejs.js?v=415d4dfb:477:19), <anonymous>:3:32)
    at http://[::1]:5173/node_modules/.vite/deps/alpinejs.js?v=415d4dfb:502:21
    at tryCatch (http://[::1]:5173/node_modules/.vite/deps/alpinejs.js?v=415d4dfb:416:12)
    at http://[::1]:5173/node_modules/.vite/deps/alpinejs.js?v=415d4dfb:3008:17
    at reactiveEffect (http://[::1]:5173/node_modules/.vite/deps/alpinejs.js?v=415d4dfb:1746:16)
    at Object.effect2 [as effect] (http://[::1]:5173/node_modules/.vite/deps/alpinejs.js?v=415d4dfb:1721:5)
    at effect (http://[::1]:5173/node_modules/.vite/deps/alpinejs.js?v=415d4dfb:51:33)
    at wrappedEffect (http://[::1]:5173/node_modules/.vite/deps/alpinejs.js?v=415d4dfb:67:27)
    at Function.<anonymous> (http://[::1]:5173/node_modules/.vite/deps/alpinejs.js?v=415d4dfb:3008:3)
    at flushHandlers (http://[::1]:5173/node_modules/.vite/deps/alpinejs.js?v=415d4dfb:587:46) @ http://[::1]:5173/resources/js/app.js:146
[     435ms] ReferenceError: sortAsc is not defined
    at [Alpine] sortAsc (eval at safeAsyncFunction (http://[::1]:5173/node_modules/.vite/deps/alpinejs.js?v=415d4dfb:477:19), <anonymous>:3:32)
    at http://[::1]:5173/node_modules/.vite/deps/alpinejs.js?v=415d4dfb:502:21
    at tryCatch (http://[::1]:5173/node_modules/.vite/deps/alpinejs.js?v=415d4dfb:416:12)
    at http://[::1]:5173/node_modules/.vite/deps/alpinejs.js?v=415d4dfb:3008:17
    at reactiveEffect (http://[::1]:5173/node_modules/.vite/deps/alpinejs.js?v=415d4dfb:1746:16)
    at Object.effect2 [as effect] (http://[::1]:5173/node_modules/.vite/deps/alpinejs.js?v=415d4dfb:1721:5)
    at effect (http://[::1]:5173/node_modules/.vite/deps/alpinejs.js?v=415d4dfb:51:33)
    at wrappedEffect (http://[::1]:5173/node_modules/.vite/deps/alpinejs.js?v=415d4dfb:67:27)
    at Function.<anonymous> (http://[::1]:5173/node_modules/.vite/deps/alpinejs.js?v=415d4dfb:3008:3)
    at flushHandlers (http://[::1]:5173/node_modules/.vite/deps/alpinejs.js?v=415d4dfb:587:46)
[     436ms] [ERROR] [sopas] error global: ReferenceError: sortAsc is not defined
    at [Alpine] !sortAsc (eval at safeAsyncFunction (http://[::1]:5173/node_modules/.vite/deps/alpinejs.js?v=415d4dfb:477:19), <anonymous>:3:33)
    at http://[::1]:5173/node_modules/.vite/deps/alpinejs.js?v=415d4dfb:502:21
    at tryCatch (http://[::1]:5173/node_modules/.vite/deps/alpinejs.js?v=415d4dfb:416:12)
    at http://[::1]:5173/node_modules/.vite/deps/alpinejs.js?v=415d4dfb:3008:17
    at reactiveEffect (http://[::1]:5173/node_modules/.vite/deps/alpinejs.js?v=415d4dfb:1746:16)
    at Object.effect2 [as effect] (http://[::1]:5173/node_modules/.vite/deps/alpinejs.js?v=415d4dfb:1721:5)
    at effect (http://[::1]:5173/node_modules/.vite/deps/alpinejs.js?v=415d4dfb:51:33)
    at wrappedEffect (http://[::1]:5173/node_modules/.vite/deps/alpinejs.js?v=415d4dfb:67:27)
    at Function.<anonymous> (http://[::1]:5173/node_modules/.vite/deps/alpinejs.js?v=415d4dfb:3008:3)
    at flushHandlers (http://[::1]:5173/node_modules/.vite/deps/alpinejs.js?v=415d4dfb:587:46) @ http://[::1]:5173/resources/js/app.js:146
[     436ms] ReferenceError: sortAsc is not defined
    at [Alpine] !sortAsc (eval at safeAsyncFunction (http://[::1]:5173/node_modules/.vite/deps/alpinejs.js?v=415d4dfb:477:19), <anonymous>:3:33)
    at http://[::1]:5173/node_modules/.vite/deps/alpinejs.js?v=415d4dfb:502:21
    at tryCatch (http://[::1]:5173/node_modules/.vite/deps/alpinejs.js?v=415d4dfb:416:12)
    at http://[::1]:5173/node_modules/.vite/deps/alpinejs.js?v=415d4dfb:3008:17
    at reactiveEffect (http://[::1]:5173/node_modules/.vite/deps/alpinejs.js?v=415d4dfb:1746:16)
    at Object.effect2 [as effect] (http://[::1]:5173/node_modules/.vite/deps/alpinejs.js?v=415d4dfb:1721:5)
    at effect (http://[::1]:5173/node_modules/.vite/deps/alpinejs.js?v=415d4dfb:51:33)
    at wrappedEffect (http://[::1]:5173/node_modules/.vite/deps/alpinejs.js?v=415d4dfb:67:27)
    at Function.<anonymous> (http://[::1]:5173/node_modules/.vite/deps/alpinejs.js?v=415d4dfb:3008:3)
    at flushHandlers (http://[::1]:5173/node_modules/.vite/deps/alpinejs.js?v=415d4dfb:587:46)
[     436ms] [ERROR] [sopas] error global: ReferenceError: sortKey is not defined
    at [Alpine] sortKey === 'cantidad' (eval at safeAsyncFunction (http://[::1]:5173/node_modules/.vite/deps/alpinejs.js?v=415d4dfb:477:19), <anonymous>:3:32)
    at http://[::1]:5173/node_modules/.vite/deps/alpinejs.js?v=415d4dfb:502:21
    at tryCatch (http://[::1]:5173/node_modules/.vite/deps/alpinejs.js?v=415d4dfb:416:12)
    at http://[::1]:5173/node_modules/.vite/deps/alpinejs.js?v=415d4dfb:3008:17
    at reactiveEffect (http://[::1]:5173/node_modules/.vite/deps/alpinejs.js?v=415d4dfb:1746:16)
    at Object.effect2 [as effect] (http://[::1]:5173/node_modules/.vite/deps/alpinejs.js?v=415d4dfb:1721:5)
    at effect (http://[::1]:5173/node_modules/.vite/deps/alpinejs.js?v=415d4dfb:51:33)
    at wrappedEffect (http://[::1]:5173/node_modules/.vite/deps/alpinejs.js?v=415d4dfb:67:27)
    at Function.<anonymous> (http://[::1]:5173/node_modules/.vite/deps/alpinejs.js?v=415d4dfb:3008:3)
    at flushHandlers (http://[::1]:5173/node_modules/.vite/deps/alpinejs.js?v=415d4dfb:587:46) @ http://[::1]:5173/resources/js/app.js:146
[     437ms] ReferenceError: sortKey is not defined
    at [Alpine] sortKey === 'cantidad' (eval at safeAsyncFunction (http://[::1]:5173/node_modules/.vite/deps/alpinejs.js?v=415d4dfb:477:19), <anonymous>:3:32)
    at http://[::1]:5173/node_modules/.vite/deps/alpinejs.js?v=415d4dfb:502:21
    at tryCatch (http://[::1]:5173/node_modules/.vite/deps/alpinejs.js?v=415d4dfb:416:12)
    at http://[::1]:5173/node_modules/.vite/deps/alpinejs.js?v=415d4dfb:3008:17
    at reactiveEffect (http://[::1]:5173/node_modules/.vite/deps/alpinejs.js?v=415d4dfb:1746:16)
    at Object.effect2 [as effect] (http://[::1]:5173/node_modules/.vite/deps/alpinejs.js?v=415d4dfb:1721:5)
    at effect (http://[::1]:5173/node_modules/.vite/deps/alpinejs.js?v=415d4dfb:51:33)
    at wrappedEffect (http://[::1]:5173/node_modules/.vite/deps/alpinejs.js?v=415d4dfb:67:27)
    at Function.<anonymous> (http://[::1]:5173/node_modules/.vite/deps/alpinejs.js?v=415d4dfb:3008:3)
    at flushHandlers (http://[::1]:5173/node_modules/.vite/deps/alpinejs.js?v=415d4dfb:587:46)
[     437ms] [ERROR] [sopas] error global: ReferenceError: sortAsc is not defined
    at [Alpine] sortAsc (eval at safeAsyncFunction (http://[::1]:5173/node_modules/.vite/deps/alpinejs.js?v=415d4dfb:477:19), <anonymous>:3:32)
    at http://[::1]:5173/node_modules/.vite/deps/alpinejs.js?v=415d4dfb:502:21
    at tryCatch (http://[::1]:5173/node_modules/.vite/deps/alpinejs.js?v=415d4dfb:416:12)
    at http://[::1]:5173/node_modules/.vite/deps/alpinejs.js?v=415d4dfb:3008:17
    at reactiveEffect (http://[::1]:5173/node_modules/.vite/deps/alpinejs.js?v=415d4dfb:1746:16)
    at Object.effect2 [as effect] (http://[::1]:5173/node_modules/.vite/deps/alpinejs.js?v=415d4dfb:1721:5)
    at effect (http://[::1]:5173/node_modules/.vite/deps/alpinejs.js?v=415d4dfb:51:33)
    at wrappedEffect (http://[::1]:5173/node_modules/.vite/deps/alpinejs.js?v=415d4dfb:67:27)
    at Function.<anonymous> (http://[::1]:5173/node_modules/.vite/deps/alpinejs.js?v=415d4dfb:3008:3)
    at flushHandlers (http://[::1]:5173/node_modules/.vite/deps/alpinejs.js?v=415d4dfb:587:46) @ http://[::1]:5173/resources/js/app.js:146
[     437ms] ReferenceError: sortAsc is not defined
    at [Alpine] sortAsc (eval at safeAsyncFunction (http://[::1]:5173/node_modules/.vite/deps/alpinejs.js?v=415d4dfb:477:19), <anonymous>:3:32)
    at http://[::1]:5173/node_modules/.vite/deps/alpinejs.js?v=415d4dfb:502:21
    at tryCatch (http://[::1]:5173/node_modules/.vite/deps/alpinejs.js?v=415d4dfb:416:12)
    at http://[::1]:5173/node_modules/.vite/deps/alpinejs.js?v=415d4dfb:3008:17
    at reactiveEffect (http://[::1]:5173/node_modules/.vite/deps/alpinejs.js?v=415d4dfb:1746:16)
    at Object.effect2 [as effect] (http://[::1]:5173/node_modules/.vite/deps/alpinejs.js?v=415d4dfb:1721:5)
    at effect (http://[::1]:5173/node_modules/.vite/deps/alpinejs.js?v=415d4dfb:51:33)
    at wrappedEffect (http://[::1]:5173/node_modules/.vite/deps/alpinejs.js?v=415d4dfb:67:27)
    at Function.<anonymous> (http://[::1]:5173/node_modules/.vite/deps/alpinejs.js?v=415d4dfb:3008:3)
    at flushHandlers (http://[::1]:5173/node_modules/.vite/deps/alpinejs.js?v=415d4dfb:587:46)
[     437ms] [ERROR] [sopas] error global: ReferenceError: sortAsc is not defined
    at [Alpine] !sortAsc (eval at safeAsyncFunction (http://[::1]:5173/node_modules/.vite/deps/alpinejs.js?v=415d4dfb:477:19), <anonymous>:3:33)
    at http://[::1]:5173/node_modules/.vite/deps/alpinejs.js?v=415d4dfb:502:21
    at tryCatch (http://[::1]:5173/node_modules/.vite/deps/alpinejs.js?v=415d4dfb:416:12)
    at http://[::1]:5173/node_modules/.vite/deps/alpinejs.js?v=415d4dfb:3008:17
    at reactiveEffect (http://[::1]:5173/node_modules/.vite/deps/alpinejs.js?v=415d4dfb:1746:16)
    at Object.effect2 [as effect] (http://[::1]:5173/node_modules/.vite/deps/alpinejs.js?v=415d4dfb:1721:5)
    at effect (http://[::1]:5173/node_modules/.vite/deps/alpinejs.js?v=415d4dfb:51:33)
    at wrappedEffect (http://[::1]:5173/node_modules/.vite/deps/alpinejs.js?v=415d4dfb:67:27)
    at Function.<anonymous> (http://[::1]:5173/node_modules/.vite/deps/alpinejs.js?v=415d4dfb:3008:3)
    at flushHandlers (http://[::1]:5173/node_modules/.vite/deps/alpinejs.js?v=415d4dfb:587:46) @ http://[::1]:5173/resources/js/app.js:146
[     437ms] ReferenceError: sortAsc is not defined
    at [Alpine] !sortAsc (eval at safeAsyncFunction (http://[::1]:5173/node_modules/.vite/deps/alpinejs.js?v=415d4dfb:477:19), <anonymous>:3:33)
    at http://[::1]:5173/node_modules/.vite/deps/alpinejs.js?v=415d4dfb:502:21
    at tryCatch (http://[::1]:5173/node_modules/.vite/deps/alpinejs.js?v=415d4dfb:416:12)
    at http://[::1]:5173/node_modules/.vite/deps/alpinejs.js?v=415d4dfb:3008:17
    at reactiveEffect (http://[::1]:5173/node_modules/.vite/deps/alpinejs.js?v=415d4dfb:1746:16)
    at Object.effect2 [as effect] (http://[::1]:5173/node_modules/.vite/deps/alpinejs.js?v=415d4dfb:1721:5)
    at effect (http://[::1]:5173/node_modules/.vite/deps/alpinejs.js?v=415d4dfb:51:33)
    at wrappedEffect (http://[::1]:5173/node_modules/.vite/deps/alpinejs.js?v=415d4dfb:67:27)
    at Function.<anonymous> (http://[::1]:5173/node_modules/.vite/deps/alpinejs.js?v=415d4dfb:3008:3)
    at flushHandlers (http://[::1]:5173/node_modules/.vite/deps/alpinejs.js?v=415d4dfb:587:46)
[     437ms] [ERROR] [sopas] error global: ReferenceError: sortKey is not defined
    at [Alpine] sortKey === 'total' (eval at safeAsyncFunction (http://[::1]:5173/node_modules/.vite/deps/alpinejs.js?v=415d4dfb:477:19), <anonymous>:3:32)
    at http://[::1]:5173/node_modules/.vite/deps/alpinejs.js?v=415d4dfb:502:21
    at tryCatch (http://[::1]:5173/node_modules/.vite/deps/alpinejs.js?v=415d4dfb:416:12)
    at http://[::1]:5173/node_modules/.vite/deps/alpinejs.js?v=415d4dfb:3008:17
    at reactiveEffect (http://[::1]:5173/node_modules/.vite/deps/alpinejs.js?v=415d4dfb:1746:16)
    at Object.effect2 [as effect] (http://[::1]:5173/node_modules/.vite/deps/alpinejs.js?v=415d4dfb:1721:5)
    at effect (http://[::1]:5173/node_modules/.vite/deps/alpinejs.js?v=415d4dfb:51:33)
    at wrappedEffect (http://[::1]:5173/node_modules/.vite/deps/alpinejs.js?v=415d4dfb:67:27)
    at Function.<anonymous> (http://[::1]:5173/node_modules/.vite/deps/alpinejs.js?v=415d4dfb:3008:3)
    at flushHandlers (http://[::1]:5173/node_modules/.vite/deps/alpinejs.js?v=415d4dfb:587:46) @ http://[::1]:5173/resources/js/app.js:146
[     437ms] ReferenceError: sortKey is not defined
    at [Alpine] sortKey === 'total' (eval at safeAsyncFunction (http://[::1]:5173/node_modules/.vite/deps/alpinejs.js?v=415d4dfb:477:19), <anonymous>:3:32)
    at http://[::1]:5173/node_modules/.vite/deps/alpinejs.js?v=415d4dfb:502:21
    at tryCatch (http://[::1]:5173/node_modules/.vite/deps/alpinejs.js?v=415d4dfb:416:12)
    at http://[::1]:5173/node_modules/.vite/deps/alpinejs.js?v=415d4dfb:3008:17
    at reactiveEffect (http://[::1]:5173/node_modules/.vite/deps/alpinejs.js?v=415d4dfb:1746:16)
    at Object.effect2 [as effect] (http://[::1]:5173/node_modules/.vite/deps/alpinejs.js?v=415d4dfb:1721:5)
    at effect (http://[::1]:5173/node_modules/.vite/deps/alpinejs.js?v=415d4dfb:51:33)
    at wrappedEffect (http://[::1]:5173/node_modules/.vite/deps/alpinejs.js?v=415d4dfb:67:27)
    at Function.<anonymous> (http://[::1]:5173/node_modules/.vite/deps/alpinejs.js?v=415d4dfb:3008:3)
    at flushHandlers (http://[::1]:5173/node_modules/.vite/deps/alpinejs.js?v=415d4dfb:587:46)
[     437ms] [ERROR] [sopas] error global: ReferenceError: sortAsc is not defined
    at [Alpine] sortAsc (eval at safeAsyncFunction (http://[::1]:5173/node_modules/.vite/deps/alpinejs.js?v=415d4dfb:477:19), <anonymous>:3:32)
    at http://[::1]:5173/node_modules/.vite/deps/alpinejs.js?v=415d4dfb:502:21
    at tryCatch (http://[::1]:5173/node_modules/.vite/deps/alpinejs.js?v=415d4dfb:416:12)
    at http://[::1]:5173/node_modules/.vite/deps/alpinejs.js?v=415d4dfb:3008:17
    at reactiveEffect (http://[::1]:5173/node_modules/.vite/deps/alpinejs.js?v=415d4dfb:1746:16)
    at Object.effect2 [as effect] (http://[::1]:5173/node_modules/.vite/deps/alpinejs.js?v=415d4dfb:1721:5)
    at effect (http://[::1]:5173/node_modules/.vite/deps/alpinejs.js?v=415d4dfb:51:33)
    at wrappedEffect (http://[::1]:5173/node_modules/.vite/deps/alpinejs.js?v=415d4dfb:67:27)
    at Function.<anonymous> (http://[::1]:5173/node_modules/.vite/deps/alpinejs.js?v=415d4dfb:3008:3)
    at flushHandlers (http://[::1]:5173/node_modules/.vite/deps/alpinejs.js?v=415d4dfb:587:46) @ http://[::1]:5173/resources/js/app.js:146
[     437ms] ReferenceError: sortAsc is not defined
    at [Alpine] sortAsc (eval at safeAsyncFunction (http://[::1]:5173/node_modules/.vite/deps/alpinejs.js?v=415d4dfb:477:19), <anonymous>:3:32)
    at http://[::1]:5173/node_modules/.vite/deps/alpinejs.js?v=415d4dfb:502:21
    at tryCatch (http://[::1]:5173/node_modules/.vite/deps/alpinejs.js?v=415d4dfb:416:12)
    at http://[::1]:5173/node_modules/.vite/deps/alpinejs.js?v=415d4dfb:3008:17
    at reactiveEffect (http://[::1]:5173/node_modules/.vite/deps/alpinejs.js?v=415d4dfb:1746:16)
    at Object.effect2 [as effect] (http://[::1]:5173/node_modules/.vite/deps/alpinejs.js?v=415d4dfb:1721:5)
    at effect (http://[::1]:5173/node_modules/.vite/deps/alpinejs.js?v=415d4dfb:51:33)
    at wrappedEffect (http://[::1]:5173/node_modules/.vite/deps/alpinejs.js?v=415d4dfb:67:27)
    at Function.<anonymous> (http://[::1]:5173/node_modules/.vite/deps/alpinejs.js?v=415d4dfb:3008:3)
    at flushHandlers (http://[::1]:5173/node_modules/.vite/deps/alpinejs.js?v=415d4dfb:587:46)
[     438ms] [ERROR] [sopas] error global: ReferenceError: sortAsc is not defined
    at [Alpine] !sortAsc (eval at safeAsyncFunction (http://[::1]:5173/node_modules/.vite/deps/alpinejs.js?v=415d4dfb:477:19), <anonymous>:3:33)
    at http://[::1]:5173/node_modules/.vite/deps/alpinejs.js?v=415d4dfb:502:21
    at tryCatch (http://[::1]:5173/node_modules/.vite/deps/alpinejs.js?v=415d4dfb:416:12)
    at http://[::1]:5173/node_modules/.vite/deps/alpinejs.js?v=415d4dfb:3008:17
    at reactiveEffect (http://[::1]:5173/node_modules/.vite/deps/alpinejs.js?v=415d4dfb:1746:16)
    at Object.effect2 [as effect] (http://[::1]:5173/node_modules/.vite/deps/alpinejs.js?v=415d4dfb:1721:5)
    at effect (http://[::1]:5173/node_modules/.vite/deps/alpinejs.js?v=415d4dfb:51:33)
    at wrappedEffect (http://[::1]:5173/node_modules/.vite/deps/alpinejs.js?v=415d4dfb:67:27)
    at Function.<anonymous> (http://[::1]:5173/node_modules/.vite/deps/alpinejs.js?v=415d4dfb:3008:3)
    at flushHandlers (http://[::1]:5173/node_modules/.vite/deps/alpinejs.js?v=415d4dfb:587:46) @ http://[::1]:5173/resources/js/app.js:146
[     438ms] ReferenceError: sortAsc is not defined
    at [Alpine] !sortAsc (eval at safeAsyncFunction (http://[::1]:5173/node_modules/.vite/deps/alpinejs.js?v=415d4dfb:477:19), <anonymous>:3:33)
    at http://[::1]:5173/node_modules/.vite/deps/alpinejs.js?v=415d4dfb:502:21
    at tryCatch (http://[::1]:5173/node_modules/.vite/deps/alpinejs.js?v=415d4dfb:416:12)
    at http://[::1]:5173/node_modules/.vite/deps/alpinejs.js?v=415d4dfb:3008:17
    at reactiveEffect (http://[::1]:5173/node_modules/.vite/deps/alpinejs.js?v=415d4dfb:1746:16)
    at Object.effect2 [as effect] (http://[::1]:5173/node_modules/.vite/deps/alpinejs.js?v=415d4dfb:1721:5)
    at effect (http://[::1]:5173/node_modules/.vite/deps/alpinejs.js?v=415d4dfb:51:33)
    at wrappedEffect (http://[::1]:5173/node_modules/.vite/deps/alpinejs.js?v=415d4dfb:67:27)
    at Function.<anonymous> (http://[::1]:5173/node_modules/.vite/deps/alpinejs.js?v=415d4dfb:3008:3)
    at flushHandlers (http://[::1]:5173/node_modules/.vite/deps/alpinejs.js?v=415d4dfb:587:46)
[     438ms] [ERROR] [sopas] error global: ReferenceError: pageRows is not defined
    at [Alpine] pageRows (eval at safeAsyncFunction (http://[::1]:5173/node_modules/.vite/deps/alpinejs.js?v=415d4dfb:477:19), <anonymous>:3:32)
    at http://[::1]:5173/node_modules/.vite/deps/alpinejs.js?v=415d4dfb:502:21
    at tryCatch (http://[::1]:5173/node_modules/.vite/deps/alpinejs.js?v=415d4dfb:416:12)
    at loop (http://[::1]:5173/node_modules/.vite/deps/alpinejs.js?v=415d4dfb:3043:3)
    at http://[::1]:5173/node_modules/.vite/deps/alpinejs.js?v=415d4dfb:3028:17
    at reactiveEffect (http://[::1]:5173/node_modules/.vite/deps/alpinejs.js?v=415d4dfb:1746:16)
    at Object.effect2 [as effect] (http://[::1]:5173/node_modules/.vite/deps/alpinejs.js?v=415d4dfb:1721:5)
    at effect (http://[::1]:5173/node_modules/.vite/deps/alpinejs.js?v=415d4dfb:51:33)
    at wrappedEffect (http://[::1]:5173/node_modules/.vite/deps/alpinejs.js?v=415d4dfb:67:27)
    at Function.<anonymous> (http://[::1]:5173/node_modules/.vite/deps/alpinejs.js?v=415d4dfb:3028:3) @ http://[::1]:5173/resources/js/app.js:146
[     438ms] ReferenceError: pageRows is not defined
    at [Alpine] pageRows (eval at safeAsyncFunction (http://[::1]:5173/node_modules/.vite/deps/alpinejs.js?v=415d4dfb:477:19), <anonymous>:3:32)
    at http://[::1]:5173/node_modules/.vite/deps/alpinejs.js?v=415d4dfb:502:21
    at tryCatch (http://[::1]:5173/node_modules/.vite/deps/alpinejs.js?v=415d4dfb:416:12)
    at loop (http://[::1]:5173/node_modules/.vite/deps/alpinejs.js?v=415d4dfb:3043:3)
    at http://[::1]:5173/node_modules/.vite/deps/alpinejs.js?v=415d4dfb:3028:17
    at reactiveEffect (http://[::1]:5173/node_modules/.vite/deps/alpinejs.js?v=415d4dfb:1746:16)
    at Object.effect2 [as effect] (http://[::1]:5173/node_modules/.vite/deps/alpinejs.js?v=415d4dfb:1721:5)
    at effect (http://[::1]:5173/node_modules/.vite/deps/alpinejs.js?v=415d4dfb:51:33)
    at wrappedEffect (http://[::1]:5173/node_modules/.vite/deps/alpinejs.js?v=415d4dfb:67:27)
    at Function.<anonymous> (http://[::1]:5173/node_modules/.vite/deps/alpinejs.js?v=415d4dfb:3028:3)
[     438ms] [ERROR] [sopas] error global: ReferenceError: rows is not defined
    at [Alpine] rows.length === 0 (eval at safeAsyncFunction (http://[::1]:5173/node_modules/.vite/deps/alpinejs.js?v=415d4dfb:477:19), <anonymous>:3:32)
    at http://[::1]:5173/node_modules/.vite/deps/alpinejs.js?v=415d4dfb:502:21
    at tryCatch (http://[::1]:5173/node_modules/.vite/deps/alpinejs.js?v=415d4dfb:416:12)
    at http://[::1]:5173/node_modules/.vite/deps/alpinejs.js?v=415d4dfb:3008:17
    at reactiveEffect (http://[::1]:5173/node_modules/.vite/deps/alpinejs.js?v=415d4dfb:1746:16)
    at Object.effect2 [as effect] (http://[::1]:5173/node_modules/.vite/deps/alpinejs.js?v=415d4dfb:1721:5)
    at effect (http://[::1]:5173/node_modules/.vite/deps/alpinejs.js?v=415d4dfb:51:33)
    at wrappedEffect (http://[::1]:5173/node_modules/.vite/deps/alpinejs.js?v=415d4dfb:67:27)
    at Function.<anonymous> (http://[::1]:5173/node_modules/.vite/deps/alpinejs.js?v=415d4dfb:3008:3)
    at flushHandlers (http://[::1]:5173/node_modules/.vite/deps/alpinejs.js?v=415d4dfb:587:46) @ http://[::1]:5173/resources/js/app.js:146
[     438ms] ReferenceError: rows is not defined
    at [Alpine] rows.length === 0 (eval at safeAsyncFunction (http://[::1]:5173/node_modules/.vite/deps/alpinejs.js?v=415d4dfb:477:19), <anonymous>:3:32)
    at http://[::1]:5173/node_modules/.vite/deps/alpinejs.js?v=415d4dfb:502:21
    at tryCatch (http://[::1]:5173/node_modules/.vite/deps/alpinejs.js?v=415d4dfb:416:12)
    at http://[::1]:5173/node_modules/.vite/deps/alpinejs.js?v=415d4dfb:3008:17
    at reactiveEffect (http://[::1]:5173/node_modules/.vite/deps/alpinejs.js?v=415d4dfb:1746:16)
    at Object.effect2 [as effect] (http://[::1]:5173/node_modules/.vite/deps/alpinejs.js?v=415d4dfb:1721:5)
    at effect (http://[::1]:5173/node_modules/.vite/deps/alpinejs.js?v=415d4dfb:51:33)
    at wrappedEffect (http://[::1]:5173/node_modules/.vite/deps/alpinejs.js?v=415d4dfb:67:27)
    at Function.<anonymous> (http://[::1]:5173/node_modules/.vite/deps/alpinejs.js?v=415d4dfb:3008:3)
    at flushHandlers (http://[::1]:5173/node_modules/.vite/deps/alpinejs.js?v=415d4dfb:587:46)
[     438ms] [ERROR] [sopas] error global: ReferenceError: rows is not defined
    at [Alpine] rows.length > 0 (eval at safeAsyncFunction (http://[::1]:5173/node_modules/.vite/deps/alpinejs.js?v=415d4dfb:477:19), <anonymous>:3:32)
    at http://[::1]:5173/node_modules/.vite/deps/alpinejs.js?v=415d4dfb:502:21
    at tryCatch (http://[::1]:5173/node_modules/.vite/deps/alpinejs.js?v=415d4dfb:416:12)
    at http://[::1]:5173/node_modules/.vite/deps/alpinejs.js?v=415d4dfb:3008:17
    at reactiveEffect (http://[::1]:5173/node_modules/.vite/deps/alpinejs.js?v=415d4dfb:1746:16)
    at Object.effect2 [as effect] (http://[::1]:5173/node_modules/.vite/deps/alpinejs.js?v=415d4dfb:1721:5)
    at effect (http://[::1]:5173/node_modules/.vite/deps/alpinejs.js?v=415d4dfb:51:33)
    at wrappedEffect (http://[::1]:5173/node_modules/.vite/deps/alpinejs.js?v=415d4dfb:67:27)
    at Function.<anonymous> (http://[::1]:5173/node_modules/.vite/deps/alpinejs.js?v=415d4dfb:3008:3)
    at flushHandlers (http://[::1]:5173/node_modules/.vite/deps/alpinejs.js?v=415d4dfb:587:46) @ http://[::1]:5173/resources/js/app.js:146
[     439ms] ReferenceError: rows is not defined
    at [Alpine] rows.length > 0 (eval at safeAsyncFunction (http://[::1]:5173/node_modules/.vite/deps/alpinejs.js?v=415d4dfb:477:19), <anonymous>:3:32)
    at http://[::1]:5173/node_modules/.vite/deps/alpinejs.js?v=415d4dfb:502:21
    at tryCatch (http://[::1]:5173/node_modules/.vite/deps/alpinejs.js?v=415d4dfb:416:12)
    at http://[::1]:5173/node_modules/.vite/deps/alpinejs.js?v=415d4dfb:3008:17
    at reactiveEffect (http://[::1]:5173/node_modules/.vite/deps/alpinejs.js?v=415d4dfb:1746:16)
    at Object.effect2 [as effect] (http://[::1]:5173/node_modules/.vite/deps/alpinejs.js?v=415d4dfb:1721:5)
    at effect (http://[::1]:5173/node_modules/.vite/deps/alpinejs.js?v=415d4dfb:51:33)
    at wrappedEffect (http://[::1]:5173/node_modules/.vite/deps/alpinejs.js?v=415d4dfb:67:27)
    at Function.<anonymous> (http://[::1]:5173/node_modules/.vite/deps/alpinejs.js?v=415d4dfb:3008:3)
    at flushHandlers (http://[::1]:5173/node_modules/.vite/deps/alpinejs.js?v=415d4dfb:587:46)
[     438ms] [ERROR] [sopas] error global: ReferenceError: fmt is not defined
    at [Alpine] fmt(totalCantidad) (eval at safeAsyncFunction (http://[::1]:5173/node_modules/.vite/deps/alpinejs.js?v=415d4dfb:477:19), <anonymous>:3:16)
    at http://[::1]:5173/node_modules/.vite/deps/alpinejs.js?v=415d4dfb:502:21
    at tryCatch (http://[::1]:5173/node_modules/.vite/deps/alpinejs.js?v=415d4dfb:416:12)
    at http://[::1]:5173/node_modules/.vite/deps/alpinejs.js?v=415d4dfb:2875:5
    at reactiveEffect (http://[::1]:5173/node_modules/.vite/deps/alpinejs.js?v=415d4dfb:1746:16)
    at Object.effect2 [as effect] (http://[::1]:5173/node_modules/.vite/deps/alpinejs.js?v=415d4dfb:1721:5)
    at effect (http://[::1]:5173/node_modules/.vite/deps/alpinejs.js?v=415d4dfb:51:33)
    at wrappedEffect (http://[::1]:5173/node_modules/.vite/deps/alpinejs.js?v=415d4dfb:67:27)
    at Function.<anonymous> (http://[::1]:5173/node_modules/.vite/deps/alpinejs.js?v=415d4dfb:2874:3)
    at flushHandlers (http://[::1]:5173/node_modules/.vite/deps/alpinejs.js?v=415d4dfb:587:46) @ http://[::1]:5173/resources/js/app.js:146
[     439ms] ReferenceError: fmt is not defined
    at [Alpine] fmt(totalCantidad) (eval at safeAsyncFunction (http://[::1]:5173/node_modules/.vite/deps/alpinejs.js?v=415d4dfb:477:19), <anonymous>:3:16)
    at http://[::1]:5173/node_modules/.vite/deps/alpinejs.js?v=415d4dfb:502:21
    at tryCatch (http://[::1]:5173/node_modules/.vite/deps/alpinejs.js?v=415d4dfb:416:12)
    at http://[::1]:5173/node_modules/.vite/deps/alpinejs.js?v=415d4dfb:2875:5
    at reactiveEffect (http://[::1]:5173/node_modules/.vite/deps/alpinejs.js?v=415d4dfb:1746:16)
    at Object.effect2 [as effect] (http://[::1]:5173/node_modules/.vite/deps/alpinejs.js?v=415d4dfb:1721:5)
    at effect (http://[::1]:5173/node_modules/.vite/deps/alpinejs.js?v=415d4dfb:51:33)
    at wrappedEffect (http://[::1]:5173/node_modules/.vite/deps/alpinejs.js?v=415d4dfb:67:27)
    at Function.<anonymous> (http://[::1]:5173/node_modules/.vite/deps/alpinejs.js?v=415d4dfb:2874:3)
    at flushHandlers (http://[::1]:5173/node_modules/.vite/deps/alpinejs.js?v=415d4dfb:587:46)
[     439ms] [ERROR] [sopas] error global: ReferenceError: fmt is not defined
    at [Alpine] '$ ' + fmt(totalTotal) (eval at safeAsyncFunction (http://[::1]:5173/node_modules/.vite/deps/alpinejs.js?v=415d4dfb:477:19), <anonymous>:3:16)
    at http://[::1]:5173/node_modules/.vite/deps/alpinejs.js?v=415d4dfb:502:21
    at tryCatch (http://[::1]:5173/node_modules/.vite/deps/alpinejs.js?v=415d4dfb:416:12)
    at http://[::1]:5173/node_modules/.vite/deps/alpinejs.js?v=415d4dfb:2875:5
    at reactiveEffect (http://[::1]:5173/node_modules/.vite/deps/alpinejs.js?v=415d4dfb:1746:16)
    at Object.effect2 [as effect] (http://[::1]:5173/node_modules/.vite/deps/alpinejs.js?v=415d4dfb:1721:5)
    at effect (http://[::1]:5173/node_modules/.vite/deps/alpinejs.js?v=415d4dfb:51:33)
    at wrappedEffect (http://[::1]:5173/node_modules/.vite/deps/alpinejs.js?v=415d4dfb:67:27)
    at Function.<anonymous> (http://[::1]:5173/node_modules/.vite/deps/alpinejs.js?v=415d4dfb:2874:3)
    at flushHandlers (http://[::1]:5173/node_modules/.vite/deps/alpinejs.js?v=415d4dfb:587:46) @ http://[::1]:5173/resources/js/app.js:146
[     439ms] ReferenceError: fmt is not defined
    at [Alpine] '$ ' + fmt(totalTotal) (eval at safeAsyncFunction (http://[::1]:5173/node_modules/.vite/deps/alpinejs.js?v=415d4dfb:477:19), <anonymous>:3:16)
    at http://[::1]:5173/node_modules/.vite/deps/alpinejs.js?v=415d4dfb:502:21
    at tryCatch (http://[::1]:5173/node_modules/.vite/deps/alpinejs.js?v=415d4dfb:416:12)
    at http://[::1]:5173/node_modules/.vite/deps/alpinejs.js?v=415d4dfb:2875:5
    at reactiveEffect (http://[::1]:5173/node_modules/.vite/deps/alpinejs.js?v=415d4dfb:1746:16)
    at Object.effect2 [as effect] (http://[::1]:5173/node_modules/.vite/deps/alpinejs.js?v=415d4dfb:1721:5)
    at effect (http://[::1]:5173/node_modules/.vite/deps/alpinejs.js?v=415d4dfb:51:33)
    at wrappedEffect (http://[::1]:5173/node_modules/.vite/deps/alpinejs.js?v=415d4dfb:67:27)
    at Function.<anonymous> (http://[::1]:5173/node_modules/.vite/deps/alpinejs.js?v=415d4dfb:2874:3)
    at flushHandlers (http://[::1]:5173/node_modules/.vite/deps/alpinejs.js?v=415d4dfb:587:46)
[     439ms] [ERROR] [sopas] error global: ReferenceError: rows is not defined
    at [Alpine] rows.length > 0 (eval at safeAsyncFunction (http://[::1]:5173/node_modules/.vite/deps/alpinejs.js?v=415d4dfb:477:19), <anonymous>:3:32)
    at http://[::1]:5173/node_modules/.vite/deps/alpinejs.js?v=415d4dfb:502:21
    at tryCatch (http://[::1]:5173/node_modules/.vite/deps/alpinejs.js?v=415d4dfb:416:12)
    at http://[::1]:5173/node_modules/.vite/deps/alpinejs.js?v=415d4dfb:3008:17
    at reactiveEffect (http://[::1]:5173/node_modules/.vite/deps/alpinejs.js?v=415d4dfb:1746:16)
    at Object.effect2 [as effect] (http://[::1]:5173/node_modules/.vite/deps/alpinejs.js?v=415d4dfb:1721:5)
    at effect (http://[::1]:5173/node_modules/.vite/deps/alpinejs.js?v=415d4dfb:51:33)
    at wrappedEffect (http://[::1]:5173/node_modules/.vite/deps/alpinejs.js?v=415d4dfb:67:27)
    at Function.<anonymous> (http://[::1]:5173/node_modules/.vite/deps/alpinejs.js?v=415d4dfb:3008:3)
    at flushHandlers (http://[::1]:5173/node_modules/.vite/deps/alpinejs.js?v=415d4dfb:587:46) @ http://[::1]:5173/resources/js/app.js:146
[     439ms] ReferenceError: rows is not defined
    at [Alpine] rows.length > 0 (eval at safeAsyncFunction (http://[::1]:5173/node_modules/.vite/deps/alpinejs.js?v=415d4dfb:477:19), <anonymous>:3:32)
    at http://[::1]:5173/node_modules/.vite/deps/alpinejs.js?v=415d4dfb:502:21
    at tryCatch (http://[::1]:5173/node_modules/.vite/deps/alpinejs.js?v=415d4dfb:416:12)
    at http://[::1]:5173/node_modules/.vite/deps/alpinejs.js?v=415d4dfb:3008:17
    at reactiveEffect (http://[::1]:5173/node_modules/.vite/deps/alpinejs.js?v=415d4dfb:1746:16)
    at Object.effect2 [as effect] (http://[::1]:5173/node_modules/.vite/deps/alpinejs.js?v=415d4dfb:1721:5)
    at effect (http://[::1]:5173/node_modules/.vite/deps/alpinejs.js?v=415d4dfb:51:33)
    at wrappedEffect (http://[::1]:5173/node_modules/.vite/deps/alpinejs.js?v=415d4dfb:67:27)
    at Function.<anonymous> (http://[::1]:5173/node_modules/.vite/deps/alpinejs.js?v=415d4dfb:3008:3)
    at flushHandlers (http://[::1]:5173/node_modules/.vite/deps/alpinejs.js?v=415d4dfb:587:46)
[     439ms] [ERROR] [sopas] error global: ReferenceError: perPage is not defined
    at [Alpine] perPage (eval at safeAsyncFunction (http://[::1]:5173/node_modules/.vite/deps/alpinejs.js?v=415d4dfb:477:19), <anonymous>:3:32)
    at http://[::1]:5173/node_modules/.vite/deps/alpinejs.js?v=415d4dfb:502:21
    at tryCatch (http://[::1]:5173/node_modules/.vite/deps/alpinejs.js?v=415d4dfb:416:12)
    at getValue (http://[::1]:5173/node_modules/.vite/deps/alpinejs.js?v=415d4dfb:2730:5)
    at http://[::1]:5173/node_modules/.vite/deps/alpinejs.js?v=415d4dfb:2789:17
    at reactiveEffect (http://[::1]:5173/node_modules/.vite/deps/alpinejs.js?v=415d4dfb:1746:16)
    at Object.effect2 [as effect] (http://[::1]:5173/node_modules/.vite/deps/alpinejs.js?v=415d4dfb:1721:5)
    at effect (http://[::1]:5173/node_modules/.vite/deps/alpinejs.js?v=415d4dfb:51:33)
    at wrappedEffect (http://[::1]:5173/node_modules/.vite/deps/alpinejs.js?v=415d4dfb:67:27)
    at Function.<anonymous> (http://[::1]:5173/node_modules/.vite/deps/alpinejs.js?v=415d4dfb:2788:3) @ http://[::1]:5173/resources/js/app.js:146
[     439ms] ReferenceError: perPage is not defined
    at [Alpine] perPage (eval at safeAsyncFunction (http://[::1]:5173/node_modules/.vite/deps/alpinejs.js?v=415d4dfb:477:19), <anonymous>:3:32)
    at http://[::1]:5173/node_modules/.vite/deps/alpinejs.js?v=415d4dfb:502:21
    at tryCatch (http://[::1]:5173/node_modules/.vite/deps/alpinejs.js?v=415d4dfb:416:12)
    at getValue (http://[::1]:5173/node_modules/.vite/deps/alpinejs.js?v=415d4dfb:2730:5)
    at http://[::1]:5173/node_modules/.vite/deps/alpinejs.js?v=415d4dfb:2789:17
    at reactiveEffect (http://[::1]:5173/node_modules/.vite/deps/alpinejs.js?v=415d4dfb:1746:16)
    at Object.effect2 [as effect] (http://[::1]:5173/node_modules/.vite/deps/alpinejs.js?v=415d4dfb:1721:5)
    at effect (http://[::1]:5173/node_modules/.vite/deps/alpinejs.js?v=415d4dfb:51:33)
    at wrappedEffect (http://[::1]:5173/node_modules/.vite/deps/alpinejs.js?v=415d4dfb:67:27)
    at Function.<anonymous> (http://[::1]:5173/node_modules/.vite/deps/alpinejs.js?v=415d4dfb:2788:3)
[     439ms] [ERROR] [sopas] error global: ReferenceError: page is not defined
    at [Alpine] `Página ${page} de ${pages}` (eval at safeAsyncFunction (http://[::1]:5173/node_modules/.vite/deps/alpinejs.js?v=415d4dfb:477:19), <anonymous>:3:42)
    at http://[::1]:5173/node_modules/.vite/deps/alpinejs.js?v=415d4dfb:502:21
    at tryCatch (http://[::1]:5173/node_modules/.vite/deps/alpinejs.js?v=415d4dfb:416:12)
    at http://[::1]:5173/node_modules/.vite/deps/alpinejs.js?v=415d4dfb:2875:5
    at reactiveEffect (http://[::1]:5173/node_modules/.vite/deps/alpinejs.js?v=415d4dfb:1746:16)
    at Object.effect2 [as effect] (http://[::1]:5173/node_modules/.vite/deps/alpinejs.js?v=415d4dfb:1721:5)
    at effect (http://[::1]:5173/node_modules/.vite/deps/alpinejs.js?v=415d4dfb:51:33)
    at wrappedEffect (http://[::1]:5173/node_modules/.vite/deps/alpinejs.js?v=415d4dfb:67:27)
    at Function.<anonymous> (http://[::1]:5173/node_modules/.vite/deps/alpinejs.js?v=415d4dfb:2874:3)
    at flushHandlers (http://[::1]:5173/node_modules/.vite/deps/alpinejs.js?v=415d4dfb:587:46) @ http://[::1]:5173/resources/js/app.js:146
[     440ms] ReferenceError: page is not defined
    at [Alpine] `Página ${page} de ${pages}` (eval at safeAsyncFunction (http://[::1]:5173/node_modules/.vite/deps/alpinejs.js?v=415d4dfb:477:19), <anonymous>:3:42)
    at http://[::1]:5173/node_modules/.vite/deps/alpinejs.js?v=415d4dfb:502:21
    at tryCatch (http://[::1]:5173/node_modules/.vite/deps/alpinejs.js?v=415d4dfb:416:12)
    at http://[::1]:5173/node_modules/.vite/deps/alpinejs.js?v=415d4dfb:2875:5
    at reactiveEffect (http://[::1]:5173/node_modules/.vite/deps/alpinejs.js?v=415d4dfb:1746:16)
    at Object.effect2 [as effect] (http://[::1]:5173/node_modules/.vite/deps/alpinejs.js?v=415d4dfb:1721:5)
    at effect (http://[::1]:5173/node_modules/.vite/deps/alpinejs.js?v=415d4dfb:51:33)
    at wrappedEffect (http://[::1]:5173/node_modules/.vite/deps/alpinejs.js?v=415d4dfb:67:27)
    at Function.<anonymous> (http://[::1]:5173/node_modules/.vite/deps/alpinejs.js?v=415d4dfb:2874:3)
    at flushHandlers (http://[::1]:5173/node_modules/.vite/deps/alpinejs.js?v=415d4dfb:587:46)
[     440ms] [ERROR] [sopas] error global: ReferenceError: page is not defined
    at [Alpine] page === 1 (eval at safeAsyncFunction (http://[::1]:5173/node_modules/.vite/deps/alpinejs.js?v=415d4dfb:477:19), <anonymous>:3:32)
    at http://[::1]:5173/node_modules/.vite/deps/alpinejs.js?v=415d4dfb:502:21
    at tryCatch (http://[::1]:5173/node_modules/.vite/deps/alpinejs.js?v=415d4dfb:416:12)
    at http://[::1]:5173/node_modules/.vite/deps/alpinejs.js?v=415d4dfb:2912:17
    at reactiveEffect (http://[::1]:5173/node_modules/.vite/deps/alpinejs.js?v=415d4dfb:1746:16)
    at Object.effect2 [as effect] (http://[::1]:5173/node_modules/.vite/deps/alpinejs.js?v=415d4dfb:1721:5)
    at effect (http://[::1]:5173/node_modules/.vite/deps/alpinejs.js?v=415d4dfb:51:33)
    at wrappedEffect (http://[::1]:5173/node_modules/.vite/deps/alpinejs.js?v=415d4dfb:67:27)
    at handler2 (http://[::1]:5173/node_modules/.vite/deps/alpinejs.js?v=415d4dfb:2912:3)
    at flushHandlers (http://[::1]:5173/node_modules/.vite/deps/alpinejs.js?v=415d4dfb:587:46) @ http://[::1]:5173/resources/js/app.js:146
[     440ms] ReferenceError: page is not defined
    at [Alpine] page === 1 (eval at safeAsyncFunction (http://[::1]:5173/node_modules/.vite/deps/alpinejs.js?v=415d4dfb:477:19), <anonymous>:3:32)
    at http://[::1]:5173/node_modules/.vite/deps/alpinejs.js?v=415d4dfb:502:21
    at tryCatch (http://[::1]:5173/node_modules/.vite/deps/alpinejs.js?v=415d4dfb:416:12)
    at http://[::1]:5173/node_modules/.vite/deps/alpinejs.js?v=415d4dfb:2912:17
    at reactiveEffect (http://[::1]:5173/node_modules/.vite/deps/alpinejs.js?v=415d4dfb:1746:16)
    at Object.effect2 [as effect] (http://[::1]:5173/node_modules/.vite/deps/alpinejs.js?v=415d4dfb:1721:5)
    at effect (http://[::1]:5173/node_modules/.vite/deps/alpinejs.js?v=415d4dfb:51:33)
    at wrappedEffect (http://[::1]:5173/node_modules/.vite/deps/alpinejs.js?v=415d4dfb:67:27)
    at handler2 (http://[::1]:5173/node_modules/.vite/deps/alpinejs.js?v=415d4dfb:2912:3)
    at flushHandlers (http://[::1]:5173/node_modules/.vite/deps/alpinejs.js?v=415d4dfb:587:46)
[     440ms] [ERROR] [sopas] error global: ReferenceError: page is not defined
    at [Alpine] page === pages (eval at safeAsyncFunction (http://[::1]:5173/node_modules/.vite/deps/alpinejs.js?v=415d4dfb:477:19), <anonymous>:3:32)
    at http://[::1]:5173/node_modules/.vite/deps/alpinejs.js?v=415d4dfb:502:21
    at tryCatch (http://[::1]:5173/node_modules/.vite/deps/alpinejs.js?v=415d4dfb:416:12)
    at http://[::1]:5173/node_modules/.vite/deps/alpinejs.js?v=415d4dfb:2912:17
    at reactiveEffect (http://[::1]:5173/node_modules/.vite/deps/alpinejs.js?v=415d4dfb:1746:16)
    at Object.effect2 [as effect] (http://[::1]:5173/node_modules/.vite/deps/alpinejs.js?v=415d4dfb:1721:5)
    at effect (http://[::1]:5173/node_modules/.vite/deps/alpinejs.js?v=415d4dfb:51:33)
    at wrappedEffect (http://[::1]:5173/node_modules/.vite/deps/alpinejs.js?v=415d4dfb:67:27)
    at handler2 (http://[::1]:5173/node_modules/.vite/deps/alpinejs.js?v=415d4dfb:2912:3)
    at flushHandlers (http://[::1]:5173/node_modules/.vite/deps/alpinejs.js?v=415d4dfb:587:46) @ http://[::1]:5173/resources/js/app.js:146
[     440ms] ReferenceError: page is not defined
    at [Alpine] page === pages (eval at safeAsyncFunction (http://[::1]:5173/node_modules/.vite/deps/alpinejs.js?v=415d4dfb:477:19), <anonymous>:3:32)
    at http://[::1]:5173/node_modules/.vite/deps/alpinejs.js?v=415d4dfb:502:21
    at tryCatch (http://[::1]:5173/node_modules/.vite/deps/alpinejs.js?v=415d4dfb:416:12)
    at http://[::1]:5173/node_modules/.vite/deps/alpinejs.js?v=415d4dfb:2912:17
    at reactiveEffect (http://[::1]:5173/node_modules/.vite/deps/alpinejs.js?v=415d4dfb:1746:16)
    at Object.effect2 [as effect] (http://[::1]:5173/node_modules/.vite/deps/alpinejs.js?v=415d4dfb:1721:5)
    at effect (http://[::1]:5173/node_modules/.vite/deps/alpinejs.js?v=415d4dfb:51:33)
    at wrappedEffect (http://[::1]:5173/node_modules/.vite/deps/alpinejs.js?v=415d4dfb:67:27)
    at handler2 (http://[::1]:5173/node_modules/.vite/deps/alpinejs.js?v=415d4dfb:2912:3)
    at flushHandlers (http://[::1]:5173/node_modules/.vite/deps/alpinejs.js?v=415d4dfb:587:46)
[     440ms] [ERROR] [sopas] error global: ReferenceError: ventas is not defined
    at [Alpine] `(${ventas.length})` (eval at safeAsyncFunction (http://[::1]:5173/node_modules/.vite/deps/alpinejs.js?v=415d4dfb:477:19), <anonymous>:3:36)
    at http://[::1]:5173/node_modules/.vite/deps/alpinejs.js?v=415d4dfb:502:21
    at tryCatch (http://[::1]:5173/node_modules/.vite/deps/alpinejs.js?v=415d4dfb:416:12)
    at http://[::1]:5173/node_modules/.vite/deps/alpinejs.js?v=415d4dfb:2875:5
    at reactiveEffect (http://[::1]:5173/node_modules/.vite/deps/alpinejs.js?v=415d4dfb:1746:16)
    at Object.effect2 [as effect] (http://[::1]:5173/node_modules/.vite/deps/alpinejs.js?v=415d4dfb:1721:5)
    at effect (http://[::1]:5173/node_modules/.vite/deps/alpinejs.js?v=415d4dfb:51:33)
    at wrappedEffect (http://[::1]:5173/node_modules/.vite/deps/alpinejs.js?v=415d4dfb:67:27)
    at Function.<anonymous> (http://[::1]:5173/node_modules/.vite/deps/alpinejs.js?v=415d4dfb:2874:3)
    at flushHandlers (http://[::1]:5173/node_modules/.vite/deps/alpinejs.js?v=415d4dfb:587:46) @ http://[::1]:5173/resources/js/app.js:146
[     441ms] ReferenceError: ventas is not defined
    at [Alpine] `(${ventas.length})` (eval at safeAsyncFunction (http://[::1]:5173/node_modules/.vite/deps/alpinejs.js?v=415d4dfb:477:19), <anonymous>:3:36)
    at http://[::1]:5173/node_modules/.vite/deps/alpinejs.js?v=415d4dfb:502:21
    at tryCatch (http://[::1]:5173/node_modules/.vite/deps/alpinejs.js?v=415d4dfb:416:12)
    at http://[::1]:5173/node_modules/.vite/deps/alpinejs.js?v=415d4dfb:2875:5
    at reactiveEffect (http://[::1]:5173/node_modules/.vite/deps/alpinejs.js?v=415d4dfb:1746:16)
    at Object.effect2 [as effect] (http://[::1]:5173/node_modules/.vite/deps/alpinejs.js?v=415d4dfb:1721:5)
    at effect (http://[::1]:5173/node_modules/.vite/deps/alpinejs.js?v=415d4dfb:51:33)
    at wrappedEffect (http://[::1]:5173/node_modules/.vite/deps/alpinejs.js?v=415d4dfb:67:27)
    at Function.<anonymous> (http://[::1]:5173/node_modules/.vite/deps/alpinejs.js?v=415d4dfb:2874:3)
    at flushHandlers (http://[::1]:5173/node_modules/.vite/deps/alpinejs.js?v=415d4dfb:587:46)
[     441ms] [ERROR] [sopas] error global: ReferenceError: sortKey is not defined
    at [Alpine] sortKey === 'ts' (eval at safeAsyncFunction (http://[::1]:5173/node_modules/.vite/deps/alpinejs.js?v=415d4dfb:477:19), <anonymous>:3:32)
    at http://[::1]:5173/node_modules/.vite/deps/alpinejs.js?v=415d4dfb:502:21
    at tryCatch (http://[::1]:5173/node_modules/.vite/deps/alpinejs.js?v=415d4dfb:416:12)
    at http://[::1]:5173/node_modules/.vite/deps/alpinejs.js?v=415d4dfb:3008:17
    at reactiveEffect (http://[::1]:5173/node_modules/.vite/deps/alpinejs.js?v=415d4dfb:1746:16)
    at Object.effect2 [as effect] (http://[::1]:5173/node_modules/.vite/deps/alpinejs.js?v=415d4dfb:1721:5)
    at effect (http://[::1]:5173/node_modules/.vite/deps/alpinejs.js?v=415d4dfb:51:33)
    at wrappedEffect (http://[::1]:5173/node_modules/.vite/deps/alpinejs.js?v=415d4dfb:67:27)
    at Function.<anonymous> (http://[::1]:5173/node_modules/.vite/deps/alpinejs.js?v=415d4dfb:3008:3)
    at flushHandlers (http://[::1]:5173/node_modules/.vite/deps/alpinejs.js?v=415d4dfb:587:46) @ http://[::1]:5173/resources/js/app.js:146
[     441ms] ReferenceError: sortKey is not defined
    at [Alpine] sortKey === 'ts' (eval at safeAsyncFunction (http://[::1]:5173/node_modules/.vite/deps/alpinejs.js?v=415d4dfb:477:19), <anonymous>:3:32)
    at http://[::1]:5173/node_modules/.vite/deps/alpinejs.js?v=415d4dfb:502:21
    at tryCatch (http://[::1]:5173/node_modules/.vite/deps/alpinejs.js?v=415d4dfb:416:12)
    at http://[::1]:5173/node_modules/.vite/deps/alpinejs.js?v=415d4dfb:3008:17
    at reactiveEffect (http://[::1]:5173/node_modules/.vite/deps/alpinejs.js?v=415d4dfb:1746:16)
    at Object.effect2 [as effect] (http://[::1]:5173/node_modules/.vite/deps/alpinejs.js?v=415d4dfb:1721:5)
    at effect (http://[::1]:5173/node_modules/.vite/deps/alpinejs.js?v=415d4dfb:51:33)
    at wrappedEffect (http://[::1]:5173/node_modules/.vite/deps/alpinejs.js?v=415d4dfb:67:27)
    at Function.<anonymous> (http://[::1]:5173/node_modules/.vite/deps/alpinejs.js?v=415d4dfb:3008:3)
    at flushHandlers (http://[::1]:5173/node_modules/.vite/deps/alpinejs.js?v=415d4dfb:587:46)
[     441ms] [ERROR] [sopas] error global: ReferenceError: sortAsc is not defined
    at [Alpine] sortAsc (eval at safeAsyncFunction (http://[::1]:5173/node_modules/.vite/deps/alpinejs.js?v=415d4dfb:477:19), <anonymous>:3:32)
    at http://[::1]:5173/node_modules/.vite/deps/alpinejs.js?v=415d4dfb:502:21
    at tryCatch (http://[::1]:5173/node_modules/.vite/deps/alpinejs.js?v=415d4dfb:416:12)
    at http://[::1]:5173/node_modules/.vite/deps/alpinejs.js?v=415d4dfb:3008:17
    at reactiveEffect (http://[::1]:5173/node_modules/.vite/deps/alpinejs.js?v=415d4dfb:1746:16)
    at Object.effect2 [as effect] (http://[::1]:5173/node_modules/.vite/deps/alpinejs.js?v=415d4dfb:1721:5)
    at effect (http://[::1]:5173/node_modules/.vite/deps/alpinejs.js?v=415d4dfb:51:33)
    at wrappedEffect (http://[::1]:5173/node_modules/.vite/deps/alpinejs.js?v=415d4dfb:67:27)
    at Function.<anonymous> (http://[::1]:5173/node_modules/.vite/deps/alpinejs.js?v=415d4dfb:3008:3)
    at flushHandlers (http://[::1]:5173/node_modules/.vite/deps/alpinejs.js?v=415d4dfb:587:46) @ http://[::1]:5173/resources/js/app.js:146
[     441ms] ReferenceError: sortAsc is not defined
    at [Alpine] sortAsc (eval at safeAsyncFunction (http://[::1]:5173/node_modules/.vite/deps/alpinejs.js?v=415d4dfb:477:19), <anonymous>:3:32)
    at http://[::1]:5173/node_modules/.vite/deps/alpinejs.js?v=415d4dfb:502:21
    at tryCatch (http://[::1]:5173/node_modules/.vite/deps/alpinejs.js?v=415d4dfb:416:12)
    at http://[::1]:5173/node_modules/.vite/deps/alpinejs.js?v=415d4dfb:3008:17
    at reactiveEffect (http://[::1]:5173/node_modules/.vite/deps/alpinejs.js?v=415d4dfb:1746:16)
    at Object.effect2 [as effect] (http://[::1]:5173/node_modules/.vite/deps/alpinejs.js?v=415d4dfb:1721:5)
    at effect (http://[::1]:5173/node_modules/.vite/deps/alpinejs.js?v=415d4dfb:51:33)
    at wrappedEffect (http://[::1]:5173/node_modules/.vite/deps/alpinejs.js?v=415d4dfb:67:27)
    at Function.<anonymous> (http://[::1]:5173/node_modules/.vite/deps/alpinejs.js?v=415d4dfb:3008:3)
    at flushHandlers (http://[::1]:5173/node_modules/.vite/deps/alpinejs.js?v=415d4dfb:587:46)
[     441ms] [ERROR] [sopas] error global: ReferenceError: sortAsc is not defined
    at [Alpine] !sortAsc (eval at safeAsyncFunction (http://[::1]:5173/node_modules/.vite/deps/alpinejs.js?v=415d4dfb:477:19), <anonymous>:3:33)
    at http://[::1]:5173/node_modules/.vite/deps/alpinejs.js?v=415d4dfb:502:21
    at tryCatch (http://[::1]:5173/node_modules/.vite/deps/alpinejs.js?v=415d4dfb:416:12)
    at http://[::1]:5173/node_modules/.vite/deps/alpinejs.js?v=415d4dfb:3008:17
    at reactiveEffect (http://[::1]:5173/node_modules/.vite/deps/alpinejs.js?v=415d4dfb:1746:16)
    at Object.effect2 [as effect] (http://[::1]:5173/node_modules/.vite/deps/alpinejs.js?v=415d4dfb:1721:5)
    at effect (http://[::1]:5173/node_modules/.vite/deps/alpinejs.js?v=415d4dfb:51:33)
    at wrappedEffect (http://[::1]:5173/node_modules/.vite/deps/alpinejs.js?v=415d4dfb:67:27)
    at Function.<anonymous> (http://[::1]:5173/node_modules/.vite/deps/alpinejs.js?v=415d4dfb:3008:3)
    at flushHandlers (http://[::1]:5173/node_modules/.vite/deps/alpinejs.js?v=415d4dfb:587:46) @ http://[::1]:5173/resources/js/app.js:146
[     442ms] ReferenceError: sortAsc is not defined
    at [Alpine] !sortAsc (eval at safeAsyncFunction (http://[::1]:5173/node_modules/.vite/deps/alpinejs.js?v=415d4dfb:477:19), <anonymous>:3:33)
    at http://[::1]:5173/node_modules/.vite/deps/alpinejs.js?v=415d4dfb:502:21
    at tryCatch (http://[::1]:5173/node_modules/.vite/deps/alpinejs.js?v=415d4dfb:416:12)
    at http://[::1]:5173/node_modules/.vite/deps/alpinejs.js?v=415d4dfb:3008:17
    at reactiveEffect (http://[::1]:5173/node_modules/.vite/deps/alpinejs.js?v=415d4dfb:1746:16)
    at Object.effect2 [as effect] (http://[::1]:5173/node_modules/.vite/deps/alpinejs.js?v=415d4dfb:1721:5)
    at effect (http://[::1]:5173/node_modules/.vite/deps/alpinejs.js?v=415d4dfb:51:33)
    at wrappedEffect (http://[::1]:5173/node_modules/.vite/deps/alpinejs.js?v=415d4dfb:67:27)
    at Function.<anonymous> (http://[::1]:5173/node_modules/.vite/deps/alpinejs.js?v=415d4dfb:3008:3)
    at flushHandlers (http://[::1]:5173/node_modules/.vite/deps/alpinejs.js?v=415d4dfb:587:46)
[     441ms] [ERROR] [sopas] error global: ReferenceError: sortKey is not defined
    at [Alpine] sortKey === 'cajero' (eval at safeAsyncFunction (http://[::1]:5173/node_modules/.vite/deps/alpinejs.js?v=415d4dfb:477:19), <anonymous>:3:32)
    at http://[::1]:5173/node_modules/.vite/deps/alpinejs.js?v=415d4dfb:502:21
    at tryCatch (http://[::1]:5173/node_modules/.vite/deps/alpinejs.js?v=415d4dfb:416:12)
    at http://[::1]:5173/node_modules/.vite/deps/alpinejs.js?v=415d4dfb:3008:17
    at reactiveEffect (http://[::1]:5173/node_modules/.vite/deps/alpinejs.js?v=415d4dfb:1746:16)
    at Object.effect2 [as effect] (http://[::1]:5173/node_modules/.vite/deps/alpinejs.js?v=415d4dfb:1721:5)
    at effect (http://[::1]:5173/node_modules/.vite/deps/alpinejs.js?v=415d4dfb:51:33)
    at wrappedEffect (http://[::1]:5173/node_modules/.vite/deps/alpinejs.js?v=415d4dfb:67:27)
    at Function.<anonymous> (http://[::1]:5173/node_modules/.vite/deps/alpinejs.js?v=415d4dfb:3008:3)
    at flushHandlers (http://[::1]:5173/node_modules/.vite/deps/alpinejs.js?v=415d4dfb:587:46) @ http://[::1]:5173/resources/js/app.js:146
[     442ms] ReferenceError: sortKey is not defined
    at [Alpine] sortKey === 'cajero' (eval at safeAsyncFunction (http://[::1]:5173/node_modules/.vite/deps/alpinejs.js?v=415d4dfb:477:19), <anonymous>:3:32)
    at http://[::1]:5173/node_modules/.vite/deps/alpinejs.js?v=415d4dfb:502:21
    at tryCatch (http://[::1]:5173/node_modules/.vite/deps/alpinejs.js?v=415d4dfb:416:12)
    at http://[::1]:5173/node_modules/.vite/deps/alpinejs.js?v=415d4dfb:3008:17
    at reactiveEffect (http://[::1]:5173/node_modules/.vite/deps/alpinejs.js?v=415d4dfb:1746:16)
    at Object.effect2 [as effect] (http://[::1]:5173/node_modules/.vite/deps/alpinejs.js?v=415d4dfb:1721:5)
    at effect (http://[::1]:5173/node_modules/.vite/deps/alpinejs.js?v=415d4dfb:51:33)
    at wrappedEffect (http://[::1]:5173/node_modules/.vite/deps/alpinejs.js?v=415d4dfb:67:27)
    at Function.<anonymous> (http://[::1]:5173/node_modules/.vite/deps/alpinejs.js?v=415d4dfb:3008:3)
    at flushHandlers (http://[::1]:5173/node_modules/.vite/deps/alpinejs.js?v=415d4dfb:587:46)
[     442ms] [ERROR] [sopas] error global: ReferenceError: sortAsc is not defined
    at [Alpine] sortAsc (eval at safeAsyncFunction (http://[::1]:5173/node_modules/.vite/deps/alpinejs.js?v=415d4dfb:477:19), <anonymous>:3:32)
    at http://[::1]:5173/node_modules/.vite/deps/alpinejs.js?v=415d4dfb:502:21
    at tryCatch (http://[::1]:5173/node_modules/.vite/deps/alpinejs.js?v=415d4dfb:416:12)
    at http://[::1]:5173/node_modules/.vite/deps/alpinejs.js?v=415d4dfb:3008:17
    at reactiveEffect (http://[::1]:5173/node_modules/.vite/deps/alpinejs.js?v=415d4dfb:1746:16)
    at Object.effect2 [as effect] (http://[::1]:5173/node_modules/.vite/deps/alpinejs.js?v=415d4dfb:1721:5)
    at effect (http://[::1]:5173/node_modules/.vite/deps/alpinejs.js?v=415d4dfb:51:33)
    at wrappedEffect (http://[::1]:5173/node_modules/.vite/deps/alpinejs.js?v=415d4dfb:67:27)
    at Function.<anonymous> (http://[::1]:5173/node_modules/.vite/deps/alpinejs.js?v=415d4dfb:3008:3)
    at flushHandlers (http://[::1]:5173/node_modules/.vite/deps/alpinejs.js?v=415d4dfb:587:46) @ http://[::1]:5173/resources/js/app.js:146
[     442ms] ReferenceError: sortAsc is not defined
    at [Alpine] sortAsc (eval at safeAsyncFunction (http://[::1]:5173/node_modules/.vite/deps/alpinejs.js?v=415d4dfb:477:19), <anonymous>:3:32)
    at http://[::1]:5173/node_modules/.vite/deps/alpinejs.js?v=415d4dfb:502:21
    at tryCatch (http://[::1]:5173/node_modules/.vite/deps/alpinejs.js?v=415d4dfb:416:12)
    at http://[::1]:5173/node_modules/.vite/deps/alpinejs.js?v=415d4dfb:3008:17
    at reactiveEffect (http://[::1]:5173/node_modules/.vite/deps/alpinejs.js?v=415d4dfb:1746:16)
    at Object.effect2 [as effect] (http://[::1]:5173/node_modules/.vite/deps/alpinejs.js?v=415d4dfb:1721:5)
    at effect (http://[::1]:5173/node_modules/.vite/deps/alpinejs.js?v=415d4dfb:51:33)
    at wrappedEffect (http://[::1]:5173/node_modules/.vite/deps/alpinejs.js?v=415d4dfb:67:27)
    at Function.<anonymous> (http://[::1]:5173/node_modules/.vite/deps/alpinejs.js?v=415d4dfb:3008:3)
    at flushHandlers (http://[::1]:5173/node_modules/.vite/deps/alpinejs.js?v=415d4dfb:587:46)
[     442ms] [ERROR] [sopas] error global: ReferenceError: sortAsc is not defined
    at [Alpine] !sortAsc (eval at safeAsyncFunction (http://[::1]:5173/node_modules/.vite/deps/alpinejs.js?v=415d4dfb:477:19), <anonymous>:3:33)
    at http://[::1]:5173/node_modules/.vite/deps/alpinejs.js?v=415d4dfb:502:21
    at tryCatch (http://[::1]:5173/node_modules/.vite/deps/alpinejs.js?v=415d4dfb:416:12)
    at http://[::1]:5173/node_modules/.vite/deps/alpinejs.js?v=415d4dfb:3008:17
    at reactiveEffect (http://[::1]:5173/node_modules/.vite/deps/alpinejs.js?v=415d4dfb:1746:16)
    at Object.effect2 [as effect] (http://[::1]:5173/node_modules/.vite/deps/alpinejs.js?v=415d4dfb:1721:5)
    at effect (http://[::1]:5173/node_modules/.vite/deps/alpinejs.js?v=415d4dfb:51:33)
    at wrappedEffect (http://[::1]:5173/node_modules/.vite/deps/alpinejs.js?v=415d4dfb:67:27)
    at Function.<anonymous> (http://[::1]:5173/node_modules/.vite/deps/alpinejs.js?v=415d4dfb:3008:3)
    at flushHandlers (http://[::1]:5173/node_modules/.vite/deps/alpinejs.js?v=415d4dfb:587:46) @ http://[::1]:5173/resources/js/app.js:146
[     442ms] ReferenceError: sortAsc is not defined
    at [Alpine] !sortAsc (eval at safeAsyncFunction (http://[::1]:5173/node_modules/.vite/deps/alpinejs.js?v=415d4dfb:477:19), <anonymous>:3:33)
    at http://[::1]:5173/node_modules/.vite/deps/alpinejs.js?v=415d4dfb:502:21
    at tryCatch (http://[::1]:5173/node_modules/.vite/deps/alpinejs.js?v=415d4dfb:416:12)
    at http://[::1]:5173/node_modules/.vite/deps/alpinejs.js?v=415d4dfb:3008:17
    at reactiveEffect (http://[::1]:5173/node_modules/.vite/deps/alpinejs.js?v=415d4dfb:1746:16)
    at Object.effect2 [as effect] (http://[::1]:5173/node_modules/.vite/deps/alpinejs.js?v=415d4dfb:1721:5)
    at effect (http://[::1]:5173/node_modules/.vite/deps/alpinejs.js?v=415d4dfb:51:33)
    at wrappedEffect (http://[::1]:5173/node_modules/.vite/deps/alpinejs.js?v=415d4dfb:67:27)
    at Function.<anonymous> (http://[::1]:5173/node_modules/.vite/deps/alpinejs.js?v=415d4dfb:3008:3)
    at flushHandlers (http://[::1]:5173/node_modules/.vite/deps/alpinejs.js?v=415d4dfb:587:46)
[     442ms] [ERROR] [sopas] error global: ReferenceError: sortKey is not defined
    at [Alpine] sortKey === 'items_count' (eval at safeAsyncFunction (http://[::1]:5173/node_modules/.vite/deps/alpinejs.js?v=415d4dfb:477:19), <anonymous>:3:32)
    at http://[::1]:5173/node_modules/.vite/deps/alpinejs.js?v=415d4dfb:502:21
    at tryCatch (http://[::1]:5173/node_modules/.vite/deps/alpinejs.js?v=415d4dfb:416:12)
    at http://[::1]:5173/node_modules/.vite/deps/alpinejs.js?v=415d4dfb:3008:17
    at reactiveEffect (http://[::1]:5173/node_modules/.vite/deps/alpinejs.js?v=415d4dfb:1746:16)
    at Object.effect2 [as effect] (http://[::1]:5173/node_modules/.vite/deps/alpinejs.js?v=415d4dfb:1721:5)
    at effect (http://[::1]:5173/node_modules/.vite/deps/alpinejs.js?v=415d4dfb:51:33)
    at wrappedEffect (http://[::1]:5173/node_modules/.vite/deps/alpinejs.js?v=415d4dfb:67:27)
    at Function.<anonymous> (http://[::1]:5173/node_modules/.vite/deps/alpinejs.js?v=415d4dfb:3008:3)
    at flushHandlers (http://[::1]:5173/node_modules/.vite/deps/alpinejs.js?v=415d4dfb:587:46) @ http://[::1]:5173/resources/js/app.js:146
[     442ms] ReferenceError: sortKey is not defined
    at [Alpine] sortKey === 'items_count' (eval at safeAsyncFunction (http://[::1]:5173/node_modules/.vite/deps/alpinejs.js?v=415d4dfb:477:19), <anonymous>:3:32)
    at http://[::1]:5173/node_modules/.vite/deps/alpinejs.js?v=415d4dfb:502:21
    at tryCatch (http://[::1]:5173/node_modules/.vite/deps/alpinejs.js?v=415d4dfb:416:12)
    at http://[::1]:5173/node_modules/.vite/deps/alpinejs.js?v=415d4dfb:3008:17
    at reactiveEffect (http://[::1]:5173/node_modules/.vite/deps/alpinejs.js?v=415d4dfb:1746:16)
    at Object.effect2 [as effect] (http://[::1]:5173/node_modules/.vite/deps/alpinejs.js?v=415d4dfb:1721:5)
    at effect (http://[::1]:5173/node_modules/.vite/deps/alpinejs.js?v=415d4dfb:51:33)
    at wrappedEffect (http://[::1]:5173/node_modules/.vite/deps/alpinejs.js?v=415d4dfb:67:27)
    at Function.<anonymous> (http://[::1]:5173/node_modules/.vite/deps/alpinejs.js?v=415d4dfb:3008:3)
    at flushHandlers (http://[::1]:5173/node_modules/.vite/deps/alpinejs.js?v=415d4dfb:587:46)
[     442ms] [ERROR] [sopas] error global: ReferenceError: sortAsc is not defined
    at [Alpine] sortAsc (eval at safeAsyncFunction (http://[::1]:5173/node_modules/.vite/deps/alpinejs.js?v=415d4dfb:477:19), <anonymous>:3:32)
    at http://[::1]:5173/node_modules/.vite/deps/alpinejs.js?v=415d4dfb:502:21
    at tryCatch (http://[::1]:5173/node_modules/.vite/deps/alpinejs.js?v=415d4dfb:416:12)
    at http://[::1]:5173/node_modules/.vite/deps/alpinejs.js?v=415d4dfb:3008:17
    at reactiveEffect (http://[::1]:5173/node_modules/.vite/deps/alpinejs.js?v=415d4dfb:1746:16)
    at Object.effect2 [as effect] (http://[::1]:5173/node_modules/.vite/deps/alpinejs.js?v=415d4dfb:1721:5)
    at effect (http://[::1]:5173/node_modules/.vite/deps/alpinejs.js?v=415d4dfb:51:33)
    at wrappedEffect (http://[::1]:5173/node_modules/.vite/deps/alpinejs.js?v=415d4dfb:67:27)
    at Function.<anonymous> (http://[::1]:5173/node_modules/.vite/deps/alpinejs.js?v=415d4dfb:3008:3)
    at flushHandlers (http://[::1]:5173/node_modules/.vite/deps/alpinejs.js?v=415d4dfb:587:46) @ http://[::1]:5173/resources/js/app.js:146
[     442ms] ReferenceError: sortAsc is not defined
    at [Alpine] sortAsc (eval at safeAsyncFunction (http://[::1]:5173/node_modules/.vite/deps/alpinejs.js?v=415d4dfb:477:19), <anonymous>:3:32)
    at http://[::1]:5173/node_modules/.vite/deps/alpinejs.js?v=415d4dfb:502:21
    at tryCatch (http://[::1]:5173/node_modules/.vite/deps/alpinejs.js?v=415d4dfb:416:12)
    at http://[::1]:5173/node_modules/.vite/deps/alpinejs.js?v=415d4dfb:3008:17
    at reactiveEffect (http://[::1]:5173/node_modules/.vite/deps/alpinejs.js?v=415d4dfb:1746:16)
    at Object.effect2 [as effect] (http://[::1]:5173/node_modules/.vite/deps/alpinejs.js?v=415d4dfb:1721:5)
    at effect (http://[::1]:5173/node_modules/.vite/deps/alpinejs.js?v=415d4dfb:51:33)
    at wrappedEffect (http://[::1]:5173/node_modules/.vite/deps/alpinejs.js?v=415d4dfb:67:27)
    at Function.<anonymous> (http://[::1]:5173/node_modules/.vite/deps/alpinejs.js?v=415d4dfb:3008:3)
    at flushHandlers (http://[::1]:5173/node_modules/.vite/deps/alpinejs.js?v=415d4dfb:587:46)
[     442ms] [ERROR] [sopas] error global: ReferenceError: sortAsc is not defined
    at [Alpine] !sortAsc (eval at safeAsyncFunction (http://[::1]:5173/node_modules/.vite/deps/alpinejs.js?v=415d4dfb:477:19), <anonymous>:3:33)
    at http://[::1]:5173/node_modules/.vite/deps/alpinejs.js?v=415d4dfb:502:21
    at tryCatch (http://[::1]:5173/node_modules/.vite/deps/alpinejs.js?v=415d4dfb:416:12)
    at http://[::1]:5173/node_modules/.vite/deps/alpinejs.js?v=415d4dfb:3008:17
    at reactiveEffect (http://[::1]:5173/node_modules/.vite/deps/alpinejs.js?v=415d4dfb:1746:16)
    at Object.effect2 [as effect] (http://[::1]:5173/node_modules/.vite/deps/alpinejs.js?v=415d4dfb:1721:5)
    at effect (http://[::1]:5173/node_modules/.vite/deps/alpinejs.js?v=415d4dfb:51:33)
    at wrappedEffect (http://[::1]:5173/node_modules/.vite/deps/alpinejs.js?v=415d4dfb:67:27)
    at Function.<anonymous> (http://[::1]:5173/node_modules/.vite/deps/alpinejs.js?v=415d4dfb:3008:3)
    at flushHandlers (http://[::1]:5173/node_modules/.vite/deps/alpinejs.js?v=415d4dfb:587:46) @ http://[::1]:5173/resources/js/app.js:146
[     443ms] ReferenceError: sortAsc is not defined
    at [Alpine] !sortAsc (eval at safeAsyncFunction (http://[::1]:5173/node_modules/.vite/deps/alpinejs.js?v=415d4dfb:477:19), <anonymous>:3:33)
    at http://[::1]:5173/node_modules/.vite/deps/alpinejs.js?v=415d4dfb:502:21
    at tryCatch (http://[::1]:5173/node_modules/.vite/deps/alpinejs.js?v=415d4dfb:416:12)
    at http://[::1]:5173/node_modules/.vite/deps/alpinejs.js?v=415d4dfb:3008:17
    at reactiveEffect (http://[::1]:5173/node_modules/.vite/deps/alpinejs.js?v=415d4dfb:1746:16)
    at Object.effect2 [as effect] (http://[::1]:5173/node_modules/.vite/deps/alpinejs.js?v=415d4dfb:1721:5)
    at effect (http://[::1]:5173/node_modules/.vite/deps/alpinejs.js?v=415d4dfb:51:33)
    at wrappedEffect (http://[::1]:5173/node_modules/.vite/deps/alpinejs.js?v=415d4dfb:67:27)
    at Function.<anonymous> (http://[::1]:5173/node_modules/.vite/deps/alpinejs.js?v=415d4dfb:3008:3)
    at flushHandlers (http://[::1]:5173/node_modules/.vite/deps/alpinejs.js?v=415d4dfb:587:46)
[     443ms] [ERROR] [sopas] error global: ReferenceError: sortKey is not defined
    at [Alpine] sortKey === 'total' (eval at safeAsyncFunction (http://[::1]:5173/node_modules/.vite/deps/alpinejs.js?v=415d4dfb:477:19), <anonymous>:3:32)
    at http://[::1]:5173/node_modules/.vite/deps/alpinejs.js?v=415d4dfb:502:21
    at tryCatch (http://[::1]:5173/node_modules/.vite/deps/alpinejs.js?v=415d4dfb:416:12)
    at http://[::1]:5173/node_modules/.vite/deps/alpinejs.js?v=415d4dfb:3008:17
    at reactiveEffect (http://[::1]:5173/node_modules/.vite/deps/alpinejs.js?v=415d4dfb:1746:16)
    at Object.effect2 [as effect] (http://[::1]:5173/node_modules/.vite/deps/alpinejs.js?v=415d4dfb:1721:5)
    at effect (http://[::1]:5173/node_modules/.vite/deps/alpinejs.js?v=415d4dfb:51:33)
    at wrappedEffect (http://[::1]:5173/node_modules/.vite/deps/alpinejs.js?v=415d4dfb:67:27)
    at Function.<anonymous> (http://[::1]:5173/node_modules/.vite/deps/alpinejs.js?v=415d4dfb:3008:3)
    at flushHandlers (http://[::1]:5173/node_modules/.vite/deps/alpinejs.js?v=415d4dfb:587:46) @ http://[::1]:5173/resources/js/app.js:146
[     443ms] ReferenceError: sortKey is not defined
    at [Alpine] sortKey === 'total' (eval at safeAsyncFunction (http://[::1]:5173/node_modules/.vite/deps/alpinejs.js?v=415d4dfb:477:19), <anonymous>:3:32)
    at http://[::1]:5173/node_modules/.vite/deps/alpinejs.js?v=415d4dfb:502:21
    at tryCatch (http://[::1]:5173/node_modules/.vite/deps/alpinejs.js?v=415d4dfb:416:12)
    at http://[::1]:5173/node_modules/.vite/deps/alpinejs.js?v=415d4dfb:3008:17
    at reactiveEffect (http://[::1]:5173/node_modules/.vite/deps/alpinejs.js?v=415d4dfb:1746:16)
    at Object.effect2 [as effect] (http://[::1]:5173/node_modules/.vite/deps/alpinejs.js?v=415d4dfb:1721:5)
    at effect (http://[::1]:5173/node_modules/.vite/deps/alpinejs.js?v=415d4dfb:51:33)
    at wrappedEffect (http://[::1]:5173/node_modules/.vite/deps/alpinejs.js?v=415d4dfb:67:27)
    at Function.<anonymous> (http://[::1]:5173/node_modules/.vite/deps/alpinejs.js?v=415d4dfb:3008:3)
    at flushHandlers (http://[::1]:5173/node_modules/.vite/deps/alpinejs.js?v=415d4dfb:587:46)
[     443ms] [ERROR] [sopas] error global: ReferenceError: sortAsc is not defined
    at [Alpine] sortAsc (eval at safeAsyncFunction (http://[::1]:5173/node_modules/.vite/deps/alpinejs.js?v=415d4dfb:477:19), <anonymous>:3:32)
    at http://[::1]:5173/node_modules/.vite/deps/alpinejs.js?v=415d4dfb:502:21
    at tryCatch (http://[::1]:5173/node_modules/.vite/deps/alpinejs.js?v=415d4dfb:416:12)
    at http://[::1]:5173/node_modules/.vite/deps/alpinejs.js?v=415d4dfb:3008:17
    at reactiveEffect (http://[::1]:5173/node_modules/.vite/deps/alpinejs.js?v=415d4dfb:1746:16)
    at Object.effect2 [as effect] (http://[::1]:5173/node_modules/.vite/deps/alpinejs.js?v=415d4dfb:1721:5)
    at effect (http://[::1]:5173/node_modules/.vite/deps/alpinejs.js?v=415d4dfb:51:33)
    at wrappedEffect (http://[::1]:5173/node_modules/.vite/deps/alpinejs.js?v=415d4dfb:67:27)
    at Function.<anonymous> (http://[::1]:5173/node_modules/.vite/deps/alpinejs.js?v=415d4dfb:3008:3)
    at flushHandlers (http://[::1]:5173/node_modules/.vite/deps/alpinejs.js?v=415d4dfb:587:46) @ http://[::1]:5173/resources/js/app.js:146
[     443ms] ReferenceError: sortAsc is not defined
    at [Alpine] sortAsc (eval at safeAsyncFunction (http://[::1]:5173/node_modules/.vite/deps/alpinejs.js?v=415d4dfb:477:19), <anonymous>:3:32)
    at http://[::1]:5173/node_modules/.vite/deps/alpinejs.js?v=415d4dfb:502:21
    at tryCatch (http://[::1]:5173/node_modules/.vite/deps/alpinejs.js?v=415d4dfb:416:12)
    at http://[::1]:5173/node_modules/.vite/deps/alpinejs.js?v=415d4dfb:3008:17
    at reactiveEffect (http://[::1]:5173/node_modules/.vite/deps/alpinejs.js?v=415d4dfb:1746:16)
    at Object.effect2 [as effect] (http://[::1]:5173/node_modules/.vite/deps/alpinejs.js?v=415d4dfb:1721:5)
    at effect (http://[::1]:5173/node_modules/.vite/deps/alpinejs.js?v=415d4dfb:51:33)
    at wrappedEffect (http://[::1]:5173/node_modules/.vite/deps/alpinejs.js?v=415d4dfb:67:27)
    at Function.<anonymous> (http://[::1]:5173/node_modules/.vite/deps/alpinejs.js?v=415d4dfb:3008:3)
    at flushHandlers (http://[::1]:5173/node_modules/.vite/deps/alpinejs.js?v=415d4dfb:587:46)
[     443ms] [ERROR] [sopas] error global: ReferenceError: sortAsc is not defined
    at [Alpine] !sortAsc (eval at safeAsyncFunction (http://[::1]:5173/node_modules/.vite/deps/alpinejs.js?v=415d4dfb:477:19), <anonymous>:3:33)
    at http://[::1]:5173/node_modules/.vite/deps/alpinejs.js?v=415d4dfb:502:21
    at tryCatch (http://[::1]:5173/node_modules/.vite/deps/alpinejs.js?v=415d4dfb:416:12)
    at http://[::1]:5173/node_modules/.vite/deps/alpinejs.js?v=415d4dfb:3008:17
    at reactiveEffect (http://[::1]:5173/node_modules/.vite/deps/alpinejs.js?v=415d4dfb:1746:16)
    at Object.effect2 [as effect] (http://[::1]:5173/node_modules/.vite/deps/alpinejs.js?v=415d4dfb:1721:5)
    at effect (http://[::1]:5173/node_modules/.vite/deps/alpinejs.js?v=415d4dfb:51:33)
    at wrappedEffect (http://[::1]:5173/node_modules/.vite/deps/alpinejs.js?v=415d4dfb:67:27)
    at Function.<anonymous> (http://[::1]:5173/node_modules/.vite/deps/alpinejs.js?v=415d4dfb:3008:3)
    at flushHandlers (http://[::1]:5173/node_modules/.vite/deps/alpinejs.js?v=415d4dfb:587:46) @ http://[::1]:5173/resources/js/app.js:146
[     443ms] ReferenceError: sortAsc is not defined
    at [Alpine] !sortAsc (eval at safeAsyncFunction (http://[::1]:5173/node_modules/.vite/deps/alpinejs.js?v=415d4dfb:477:19), <anonymous>:3:33)
    at http://[::1]:5173/node_modules/.vite/deps/alpinejs.js?v=415d4dfb:502:21
    at tryCatch (http://[::1]:5173/node_modules/.vite/deps/alpinejs.js?v=415d4dfb:416:12)
    at http://[::1]:5173/node_modules/.vite/deps/alpinejs.js?v=415d4dfb:3008:17
    at reactiveEffect (http://[::1]:5173/node_modules/.vite/deps/alpinejs.js?v=415d4dfb:1746:16)
    at Object.effect2 [as effect] (http://[::1]:5173/node_modules/.vite/deps/alpinejs.js?v=415d4dfb:1721:5)
    at effect (http://[::1]:5173/node_modules/.vite/deps/alpinejs.js?v=415d4dfb:51:33)
    at wrappedEffect (http://[::1]:5173/node_modules/.vite/deps/alpinejs.js?v=415d4dfb:67:27)
    at Function.<anonymous> (http://[::1]:5173/node_modules/.vite/deps/alpinejs.js?v=415d4dfb:3008:3)
    at flushHandlers (http://[::1]:5173/node_modules/.vite/deps/alpinejs.js?v=415d4dfb:587:46)
[     443ms] [ERROR] [sopas] error global: ReferenceError: sortKey is not defined
    at [Alpine] sortKey === 'cambio' (eval at safeAsyncFunction (http://[::1]:5173/node_modules/.vite/deps/alpinejs.js?v=415d4dfb:477:19), <anonymous>:3:32)
    at http://[::1]:5173/node_modules/.vite/deps/alpinejs.js?v=415d4dfb:502:21
    at tryCatch (http://[::1]:5173/node_modules/.vite/deps/alpinejs.js?v=415d4dfb:416:12)
    at http://[::1]:5173/node_modules/.vite/deps/alpinejs.js?v=415d4dfb:3008:17
    at reactiveEffect (http://[::1]:5173/node_modules/.vite/deps/alpinejs.js?v=415d4dfb:1746:16)
    at Object.effect2 [as effect] (http://[::1]:5173/node_modules/.vite/deps/alpinejs.js?v=415d4dfb:1721:5)
    at effect (http://[::1]:5173/node_modules/.vite/deps/alpinejs.js?v=415d4dfb:51:33)
    at wrappedEffect (http://[::1]:5173/node_modules/.vite/deps/alpinejs.js?v=415d4dfb:67:27)
    at Function.<anonymous> (http://[::1]:5173/node_modules/.vite/deps/alpinejs.js?v=415d4dfb:3008:3)
    at flushHandlers (http://[::1]:5173/node_modules/.vite/deps/alpinejs.js?v=415d4dfb:587:46) @ http://[::1]:5173/resources/js/app.js:146
[     443ms] ReferenceError: sortKey is not defined
    at [Alpine] sortKey === 'cambio' (eval at safeAsyncFunction (http://[::1]:5173/node_modules/.vite/deps/alpinejs.js?v=415d4dfb:477:19), <anonymous>:3:32)
    at http://[::1]:5173/node_modules/.vite/deps/alpinejs.js?v=415d4dfb:502:21
    at tryCatch (http://[::1]:5173/node_modules/.vite/deps/alpinejs.js?v=415d4dfb:416:12)
    at http://[::1]:5173/node_modules/.vite/deps/alpinejs.js?v=415d4dfb:3008:17
    at reactiveEffect (http://[::1]:5173/node_modules/.vite/deps/alpinejs.js?v=415d4dfb:1746:16)
    at Object.effect2 [as effect] (http://[::1]:5173/node_modules/.vite/deps/alpinejs.js?v=415d4dfb:1721:5)
    at effect (http://[::1]:5173/node_modules/.vite/deps/alpinejs.js?v=415d4dfb:51:33)
    at wrappedEffect (http://[::1]:5173/node_modules/.vite/deps/alpinejs.js?v=415d4dfb:67:27)
    at Function.<anonymous> (http://[::1]:5173/node_modules/.vite/deps/alpinejs.js?v=415d4dfb:3008:3)
    at flushHandlers (http://[::1]:5173/node_modules/.vite/deps/alpinejs.js?v=415d4dfb:587:46)
[     443ms] [ERROR] [sopas] error global: ReferenceError: sortAsc is not defined
    at [Alpine] sortAsc (eval at safeAsyncFunction (http://[::1]:5173/node_modules/.vite/deps/alpinejs.js?v=415d4dfb:477:19), <anonymous>:3:32)
    at http://[::1]:5173/node_modules/.vite/deps/alpinejs.js?v=415d4dfb:502:21
    at tryCatch (http://[::1]:5173/node_modules/.vite/deps/alpinejs.js?v=415d4dfb:416:12)
    at http://[::1]:5173/node_modules/.vite/deps/alpinejs.js?v=415d4dfb:3008:17
    at reactiveEffect (http://[::1]:5173/node_modules/.vite/deps/alpinejs.js?v=415d4dfb:1746:16)
    at Object.effect2 [as effect] (http://[::1]:5173/node_modules/.vite/deps/alpinejs.js?v=415d4dfb:1721:5)
    at effect (http://[::1]:5173/node_modules/.vite/deps/alpinejs.js?v=415d4dfb:51:33)
    at wrappedEffect (http://[::1]:5173/node_modules/.vite/deps/alpinejs.js?v=415d4dfb:67:27)
    at Function.<anonymous> (http://[::1]:5173/node_modules/.vite/deps/alpinejs.js?v=415d4dfb:3008:3)
    at flushHandlers (http://[::1]:5173/node_modules/.vite/deps/alpinejs.js?v=415d4dfb:587:46) @ http://[::1]:5173/resources/js/app.js:146
[     444ms] ReferenceError: sortAsc is not defined
    at [Alpine] sortAsc (eval at safeAsyncFunction (http://[::1]:5173/node_modules/.vite/deps/alpinejs.js?v=415d4dfb:477:19), <anonymous>:3:32)
    at http://[::1]:5173/node_modules/.vite/deps/alpinejs.js?v=415d4dfb:502:21
    at tryCatch (http://[::1]:5173/node_modules/.vite/deps/alpinejs.js?v=415d4dfb:416:12)
    at http://[::1]:5173/node_modules/.vite/deps/alpinejs.js?v=415d4dfb:3008:17
    at reactiveEffect (http://[::1]:5173/node_modules/.vite/deps/alpinejs.js?v=415d4dfb:1746:16)
    at Object.effect2 [as effect] (http://[::1]:5173/node_modules/.vite/deps/alpinejs.js?v=415d4dfb:1721:5)
    at effect (http://[::1]:5173/node_modules/.vite/deps/alpinejs.js?v=415d4dfb:51:33)
    at wrappedEffect (http://[::1]:5173/node_modules/.vite/deps/alpinejs.js?v=415d4dfb:67:27)
    at Function.<anonymous> (http://[::1]:5173/node_modules/.vite/deps/alpinejs.js?v=415d4dfb:3008:3)
    at flushHandlers (http://[::1]:5173/node_modules/.vite/deps/alpinejs.js?v=415d4dfb:587:46)
[     444ms] [ERROR] [sopas] error global: ReferenceError: sortAsc is not defined
    at [Alpine] !sortAsc (eval at safeAsyncFunction (http://[::1]:5173/node_modules/.vite/deps/alpinejs.js?v=415d4dfb:477:19), <anonymous>:3:33)
    at http://[::1]:5173/node_modules/.vite/deps/alpinejs.js?v=415d4dfb:502:21
    at tryCatch (http://[::1]:5173/node_modules/.vite/deps/alpinejs.js?v=415d4dfb:416:12)
    at http://[::1]:5173/node_modules/.vite/deps/alpinejs.js?v=415d4dfb:3008:17
    at reactiveEffect (http://[::1]:5173/node_modules/.vite/deps/alpinejs.js?v=415d4dfb:1746:16)
    at Object.effect2 [as effect] (http://[::1]:5173/node_modules/.vite/deps/alpinejs.js?v=415d4dfb:1721:5)
    at effect (http://[::1]:5173/node_modules/.vite/deps/alpinejs.js?v=415d4dfb:51:33)
    at wrappedEffect (http://[::1]:5173/node_modules/.vite/deps/alpinejs.js?v=415d4dfb:67:27)
    at Function.<anonymous> (http://[::1]:5173/node_modules/.vite/deps/alpinejs.js?v=415d4dfb:3008:3)
    at flushHandlers (http://[::1]:5173/node_modules/.vite/deps/alpinejs.js?v=415d4dfb:587:46) @ http://[::1]:5173/resources/js/app.js:146
[     444ms] ReferenceError: sortAsc is not defined
    at [Alpine] !sortAsc (eval at safeAsyncFunction (http://[::1]:5173/node_modules/.vite/deps/alpinejs.js?v=415d4dfb:477:19), <anonymous>:3:33)
    at http://[::1]:5173/node_modules/.vite/deps/alpinejs.js?v=415d4dfb:502:21
    at tryCatch (http://[::1]:5173/node_modules/.vite/deps/alpinejs.js?v=415d4dfb:416:12)
    at http://[::1]:5173/node_modules/.vite/deps/alpinejs.js?v=415d4dfb:3008:17
    at reactiveEffect (http://[::1]:5173/node_modules/.vite/deps/alpinejs.js?v=415d4dfb:1746:16)
    at Object.effect2 [as effect] (http://[::1]:5173/node_modules/.vite/deps/alpinejs.js?v=415d4dfb:1721:5)
    at effect (http://[::1]:5173/node_modules/.vite/deps/alpinejs.js?v=415d4dfb:51:33)
    at wrappedEffect (http://[::1]:5173/node_modules/.vite/deps/alpinejs.js?v=415d4dfb:67:27)
    at Function.<anonymous> (http://[::1]:5173/node_modules/.vite/deps/alpinejs.js?v=415d4dfb:3008:3)
    at flushHandlers (http://[::1]:5173/node_modules/.vite/deps/alpinejs.js?v=415d4dfb:587:46)
[     444ms] [ERROR] [sopas] error global: ReferenceError: pageRows is not defined
    at [Alpine] pageRows (eval at safeAsyncFunction (http://[::1]:5173/node_modules/.vite/deps/alpinejs.js?v=415d4dfb:477:19), <anonymous>:3:32)
    at http://[::1]:5173/node_modules/.vite/deps/alpinejs.js?v=415d4dfb:502:21
    at tryCatch (http://[::1]:5173/node_modules/.vite/deps/alpinejs.js?v=415d4dfb:416:12)
    at loop (http://[::1]:5173/node_modules/.vite/deps/alpinejs.js?v=415d4dfb:3043:3)
    at http://[::1]:5173/node_modules/.vite/deps/alpinejs.js?v=415d4dfb:3028:17
    at reactiveEffect (http://[::1]:5173/node_modules/.vite/deps/alpinejs.js?v=415d4dfb:1746:16)
    at Object.effect2 [as effect] (http://[::1]:5173/node_modules/.vite/deps/alpinejs.js?v=415d4dfb:1721:5)
    at effect (http://[::1]:5173/node_modules/.vite/deps/alpinejs.js?v=415d4dfb:51:33)
    at wrappedEffect (http://[::1]:5173/node_modules/.vite/deps/alpinejs.js?v=415d4dfb:67:27)
    at Function.<anonymous> (http://[::1]:5173/node_modules/.vite/deps/alpinejs.js?v=415d4dfb:3028:3) @ http://[::1]:5173/resources/js/app.js:146
[     444ms] ReferenceError: pageRows is not defined
    at [Alpine] pageRows (eval at safeAsyncFunction (http://[::1]:5173/node_modules/.vite/deps/alpinejs.js?v=415d4dfb:477:19), <anonymous>:3:32)
    at http://[::1]:5173/node_modules/.vite/deps/alpinejs.js?v=415d4dfb:502:21
    at tryCatch (http://[::1]:5173/node_modules/.vite/deps/alpinejs.js?v=415d4dfb:416:12)
    at loop (http://[::1]:5173/node_modules/.vite/deps/alpinejs.js?v=415d4dfb:3043:3)
    at http://[::1]:5173/node_modules/.vite/deps/alpinejs.js?v=415d4dfb:3028:17
    at reactiveEffect (http://[::1]:5173/node_modules/.vite/deps/alpinejs.js?v=415d4dfb:1746:16)
    at Object.effect2 [as effect] (http://[::1]:5173/node_modules/.vite/deps/alpinejs.js?v=415d4dfb:1721:5)
    at effect (http://[::1]:5173/node_modules/.vite/deps/alpinejs.js?v=415d4dfb:51:33)
    at wrappedEffect (http://[::1]:5173/node_modules/.vite/deps/alpinejs.js?v=415d4dfb:67:27)
    at Function.<anonymous> (http://[::1]:5173/node_modules/.vite/deps/alpinejs.js?v=415d4dfb:3028:3)
[     444ms] [ERROR] [sopas] error global: ReferenceError: ventas is not defined
    at [Alpine] ventas.length === 0 (eval at safeAsyncFunction (http://[::1]:5173/node_modules/.vite/deps/alpinejs.js?v=415d4dfb:477:19), <anonymous>:3:32)
    at http://[::1]:5173/node_modules/.vite/deps/alpinejs.js?v=415d4dfb:502:21
    at tryCatch (http://[::1]:5173/node_modules/.vite/deps/alpinejs.js?v=415d4dfb:416:12)
    at http://[::1]:5173/node_modules/.vite/deps/alpinejs.js?v=415d4dfb:3008:17
    at reactiveEffect (http://[::1]:5173/node_modules/.vite/deps/alpinejs.js?v=415d4dfb:1746:16)
    at Object.effect2 [as effect] (http://[::1]:5173/node_modules/.vite/deps/alpinejs.js?v=415d4dfb:1721:5)
    at effect (http://[::1]:5173/node_modules/.vite/deps/alpinejs.js?v=415d4dfb:51:33)
    at wrappedEffect (http://[::1]:5173/node_modules/.vite/deps/alpinejs.js?v=415d4dfb:67:27)
    at Function.<anonymous> (http://[::1]:5173/node_modules/.vite/deps/alpinejs.js?v=415d4dfb:3008:3)
    at flushHandlers (http://[::1]:5173/node_modules/.vite/deps/alpinejs.js?v=415d4dfb:587:46) @ http://[::1]:5173/resources/js/app.js:146
[     444ms] ReferenceError: ventas is not defined
    at [Alpine] ventas.length === 0 (eval at safeAsyncFunction (http://[::1]:5173/node_modules/.vite/deps/alpinejs.js?v=415d4dfb:477:19), <anonymous>:3:32)
    at http://[::1]:5173/node_modules/.vite/deps/alpinejs.js?v=415d4dfb:502:21
    at tryCatch (http://[::1]:5173/node_modules/.vite/deps/alpinejs.js?v=415d4dfb:416:12)
    at http://[::1]:5173/node_modules/.vite/deps/alpinejs.js?v=415d4dfb:3008:17
    at reactiveEffect (http://[::1]:5173/node_modules/.vite/deps/alpinejs.js?v=415d4dfb:1746:16)
    at Object.effect2 [as effect] (http://[::1]:5173/node_modules/.vite/deps/alpinejs.js?v=415d4dfb:1721:5)
    at effect (http://[::1]:5173/node_modules/.vite/deps/alpinejs.js?v=415d4dfb:51:33)
    at wrappedEffect (http://[::1]:5173/node_modules/.vite/deps/alpinejs.js?v=415d4dfb:67:27)
    at Function.<anonymous> (http://[::1]:5173/node_modules/.vite/deps/alpinejs.js?v=415d4dfb:3008:3)
    at flushHandlers (http://[::1]:5173/node_modules/.vite/deps/alpinejs.js?v=415d4dfb:587:46)
[     444ms] [ERROR] [sopas] error global: ReferenceError: ventas is not defined
    at [Alpine] ventas.length > 0 (eval at safeAsyncFunction (http://[::1]:5173/node_modules/.vite/deps/alpinejs.js?v=415d4dfb:477:19), <anonymous>:3:32)
    at http://[::1]:5173/node_modules/.vite/deps/alpinejs.js?v=415d4dfb:502:21
    at tryCatch (http://[::1]:5173/node_modules/.vite/deps/alpinejs.js?v=415d4dfb:416:12)
    at http://[::1]:5173/node_modules/.vite/deps/alpinejs.js?v=415d4dfb:3008:17
    at reactiveEffect (http://[::1]:5173/node_modules/.vite/deps/alpinejs.js?v=415d4dfb:1746:16)
    at Object.effect2 [as effect] (http://[::1]:5173/node_modules/.vite/deps/alpinejs.js?v=415d4dfb:1721:5)
    at effect (http://[::1]:5173/node_modules/.vite/deps/alpinejs.js?v=415d4dfb:51:33)
    at wrappedEffect (http://[::1]:5173/node_modules/.vite/deps/alpinejs.js?v=415d4dfb:67:27)
    at Function.<anonymous> (http://[::1]:5173/node_modules/.vite/deps/alpinejs.js?v=415d4dfb:3008:3)
    at flushHandlers (http://[::1]:5173/node_modules/.vite/deps/alpinejs.js?v=415d4dfb:587:46) @ http://[::1]:5173/resources/js/app.js:146
[     445ms] ReferenceError: ventas is not defined
    at [Alpine] ventas.length > 0 (eval at safeAsyncFunction (http://[::1]:5173/node_modules/.vite/deps/alpinejs.js?v=415d4dfb:477:19), <anonymous>:3:32)
    at http://[::1]:5173/node_modules/.vite/deps/alpinejs.js?v=415d4dfb:502:21
    at tryCatch (http://[::1]:5173/node_modules/.vite/deps/alpinejs.js?v=415d4dfb:416:12)
    at http://[::1]:5173/node_modules/.vite/deps/alpinejs.js?v=415d4dfb:3008:17
    at reactiveEffect (http://[::1]:5173/node_modules/.vite/deps/alpinejs.js?v=415d4dfb:1746:16)
    at Object.effect2 [as effect] (http://[::1]:5173/node_modules/.vite/deps/alpinejs.js?v=415d4dfb:1721:5)
    at effect (http://[::1]:5173/node_modules/.vite/deps/alpinejs.js?v=415d4dfb:51:33)
    at wrappedEffect (http://[::1]:5173/node_modules/.vite/deps/alpinejs.js?v=415d4dfb:67:27)
    at Function.<anonymous> (http://[::1]:5173/node_modules/.vite/deps/alpinejs.js?v=415d4dfb:3008:3)
    at flushHandlers (http://[::1]:5173/node_modules/.vite/deps/alpinejs.js?v=415d4dfb:587:46)
[     444ms] [ERROR] [sopas] error global: ReferenceError: perPage is not defined
    at [Alpine] perPage (eval at safeAsyncFunction (http://[::1]:5173/node_modules/.vite/deps/alpinejs.js?v=415d4dfb:477:19), <anonymous>:3:32)
    at http://[::1]:5173/node_modules/.vite/deps/alpinejs.js?v=415d4dfb:502:21
    at tryCatch (http://[::1]:5173/node_modules/.vite/deps/alpinejs.js?v=415d4dfb:416:12)
    at getValue (http://[::1]:5173/node_modules/.vite/deps/alpinejs.js?v=415d4dfb:2730:5)
    at http://[::1]:5173/node_modules/.vite/deps/alpinejs.js?v=415d4dfb:2789:17
    at reactiveEffect (http://[::1]:5173/node_modules/.vite/deps/alpinejs.js?v=415d4dfb:1746:16)
    at Object.effect2 [as effect] (http://[::1]:5173/node_modules/.vite/deps/alpinejs.js?v=415d4dfb:1721:5)
    at effect (http://[::1]:5173/node_modules/.vite/deps/alpinejs.js?v=415d4dfb:51:33)
    at wrappedEffect (http://[::1]:5173/node_modules/.vite/deps/alpinejs.js?v=415d4dfb:67:27)
    at Function.<anonymous> (http://[::1]:5173/node_modules/.vite/deps/alpinejs.js?v=415d4dfb:2788:3) @ http://[::1]:5173/resources/js/app.js:146
[     445ms] ReferenceError: perPage is not defined
    at [Alpine] perPage (eval at safeAsyncFunction (http://[::1]:5173/node_modules/.vite/deps/alpinejs.js?v=415d4dfb:477:19), <anonymous>:3:32)
    at http://[::1]:5173/node_modules/.vite/deps/alpinejs.js?v=415d4dfb:502:21
    at tryCatch (http://[::1]:5173/node_modules/.vite/deps/alpinejs.js?v=415d4dfb:416:12)
    at getValue (http://[::1]:5173/node_modules/.vite/deps/alpinejs.js?v=415d4dfb:2730:5)
    at http://[::1]:5173/node_modules/.vite/deps/alpinejs.js?v=415d4dfb:2789:17
    at reactiveEffect (http://[::1]:5173/node_modules/.vite/deps/alpinejs.js?v=415d4dfb:1746:16)
    at Object.effect2 [as effect] (http://[::1]:5173/node_modules/.vite/deps/alpinejs.js?v=415d4dfb:1721:5)
    at effect (http://[::1]:5173/node_modules/.vite/deps/alpinejs.js?v=415d4dfb:51:33)
    at wrappedEffect (http://[::1]:5173/node_modules/.vite/deps/alpinejs.js?v=415d4dfb:67:27)
    at Function.<anonymous> (http://[::1]:5173/node_modules/.vite/deps/alpinejs.js?v=415d4dfb:2788:3)
[     445ms] [ERROR] [sopas] error global: ReferenceError: page is not defined
    at [Alpine] `Página ${page} de ${pages}` (eval at safeAsyncFunction (http://[::1]:5173/node_modules/.vite/deps/alpinejs.js?v=415d4dfb:477:19), <anonymous>:3:42)
    at http://[::1]:5173/node_modules/.vite/deps/alpinejs.js?v=415d4dfb:502:21
    at tryCatch (http://[::1]:5173/node_modules/.vite/deps/alpinejs.js?v=415d4dfb:416:12)
    at http://[::1]:5173/node_modules/.vite/deps/alpinejs.js?v=415d4dfb:2875:5
    at reactiveEffect (http://[::1]:5173/node_modules/.vite/deps/alpinejs.js?v=415d4dfb:1746:16)
    at Object.effect2 [as effect] (http://[::1]:5173/node_modules/.vite/deps/alpinejs.js?v=415d4dfb:1721:5)
    at effect (http://[::1]:5173/node_modules/.vite/deps/alpinejs.js?v=415d4dfb:51:33)
    at wrappedEffect (http://[::1]:5173/node_modules/.vite/deps/alpinejs.js?v=415d4dfb:67:27)
    at Function.<anonymous> (http://[::1]:5173/node_modules/.vite/deps/alpinejs.js?v=415d4dfb:2874:3)
    at flushHandlers (http://[::1]:5173/node_modules/.vite/deps/alpinejs.js?v=415d4dfb:587:46) @ http://[::1]:5173/resources/js/app.js:146
[     445ms] ReferenceError: page is not defined
    at [Alpine] `Página ${page} de ${pages}` (eval at safeAsyncFunction (http://[::1]:5173/node_modules/.vite/deps/alpinejs.js?v=415d4dfb:477:19), <anonymous>:3:42)
    at http://[::1]:5173/node_modules/.vite/deps/alpinejs.js?v=415d4dfb:502:21
    at tryCatch (http://[::1]:5173/node_modules/.vite/deps/alpinejs.js?v=415d4dfb:416:12)
    at http://[::1]:5173/node_modules/.vite/deps/alpinejs.js?v=415d4dfb:2875:5
    at reactiveEffect (http://[::1]:5173/node_modules/.vite/deps/alpinejs.js?v=415d4dfb:1746:16)
    at Object.effect2 [as effect] (http://[::1]:5173/node_modules/.vite/deps/alpinejs.js?v=415d4dfb:1721:5)
    at effect (http://[::1]:5173/node_modules/.vite/deps/alpinejs.js?v=415d4dfb:51:33)
    at wrappedEffect (http://[::1]:5173/node_modules/.vite/deps/alpinejs.js?v=415d4dfb:67:27)
    at Function.<anonymous> (http://[::1]:5173/node_modules/.vite/deps/alpinejs.js?v=415d4dfb:2874:3)
    at flushHandlers (http://[::1]:5173/node_modules/.vite/deps/alpinejs.js?v=415d4dfb:587:46)
[     445ms] [ERROR] [sopas] error global: ReferenceError: page is not defined
    at [Alpine] page === 1 (eval at safeAsyncFunction (http://[::1]:5173/node_modules/.vite/deps/alpinejs.js?v=415d4dfb:477:19), <anonymous>:3:32)
    at http://[::1]:5173/node_modules/.vite/deps/alpinejs.js?v=415d4dfb:502:21
    at tryCatch (http://[::1]:5173/node_modules/.vite/deps/alpinejs.js?v=415d4dfb:416:12)
    at http://[::1]:5173/node_modules/.vite/deps/alpinejs.js?v=415d4dfb:2912:17
    at reactiveEffect (http://[::1]:5173/node_modules/.vite/deps/alpinejs.js?v=415d4dfb:1746:16)
    at Object.effect2 [as effect] (http://[::1]:5173/node_modules/.vite/deps/alpinejs.js?v=415d4dfb:1721:5)
    at effect (http://[::1]:5173/node_modules/.vite/deps/alpinejs.js?v=415d4dfb:51:33)
    at wrappedEffect (http://[::1]:5173/node_modules/.vite/deps/alpinejs.js?v=415d4dfb:67:27)
    at handler2 (http://[::1]:5173/node_modules/.vite/deps/alpinejs.js?v=415d4dfb:2912:3)
    at flushHandlers (http://[::1]:5173/node_modules/.vite/deps/alpinejs.js?v=415d4dfb:587:46) @ http://[::1]:5173/resources/js/app.js:146
[     445ms] ReferenceError: page is not defined
    at [Alpine] page === 1 (eval at safeAsyncFunction (http://[::1]:5173/node_modules/.vite/deps/alpinejs.js?v=415d4dfb:477:19), <anonymous>:3:32)
    at http://[::1]:5173/node_modules/.vite/deps/alpinejs.js?v=415d4dfb:502:21
    at tryCatch (http://[::1]:5173/node_modules/.vite/deps/alpinejs.js?v=415d4dfb:416:12)
    at http://[::1]:5173/node_modules/.vite/deps/alpinejs.js?v=415d4dfb:2912:17
    at reactiveEffect (http://[::1]:5173/node_modules/.vite/deps/alpinejs.js?v=415d4dfb:1746:16)
    at Object.effect2 [as effect] (http://[::1]:5173/node_modules/.vite/deps/alpinejs.js?v=415d4dfb:1721:5)
    at effect (http://[::1]:5173/node_modules/.vite/deps/alpinejs.js?v=415d4dfb:51:33)
    at wrappedEffect (http://[::1]:5173/node_modules/.vite/deps/alpinejs.js?v=415d4dfb:67:27)
    at handler2 (http://[::1]:5173/node_modules/.vite/deps/alpinejs.js?v=415d4dfb:2912:3)
    at flushHandlers (http://[::1]:5173/node_modules/.vite/deps/alpinejs.js?v=415d4dfb:587:46)
[     445ms] [ERROR] [sopas] error global: ReferenceError: page is not defined
    at [Alpine] page === pages (eval at safeAsyncFunction (http://[::1]:5173/node_modules/.vite/deps/alpinejs.js?v=415d4dfb:477:19), <anonymous>:3:32)
    at http://[::1]:5173/node_modules/.vite/deps/alpinejs.js?v=415d4dfb:502:21
    at tryCatch (http://[::1]:5173/node_modules/.vite/deps/alpinejs.js?v=415d4dfb:416:12)
    at http://[::1]:5173/node_modules/.vite/deps/alpinejs.js?v=415d4dfb:2912:17
    at reactiveEffect (http://[::1]:5173/node_modules/.vite/deps/alpinejs.js?v=415d4dfb:1746:16)
    at Object.effect2 [as effect] (http://[::1]:5173/node_modules/.vite/deps/alpinejs.js?v=415d4dfb:1721:5)
    at effect (http://[::1]:5173/node_modules/.vite/deps/alpinejs.js?v=415d4dfb:51:33)
    at wrappedEffect (http://[::1]:5173/node_modules/.vite/deps/alpinejs.js?v=415d4dfb:67:27)
    at handler2 (http://[::1]:5173/node_modules/.vite/deps/alpinejs.js?v=415d4dfb:2912:3)
    at flushHandlers (http://[::1]:5173/node_modules/.vite/deps/alpinejs.js?v=415d4dfb:587:46) @ http://[::1]:5173/resources/js/app.js:146
[     445ms] ReferenceError: page is not defined
    at [Alpine] page === pages (eval at safeAsyncFunction (http://[::1]:5173/node_modules/.vite/deps/alpinejs.js?v=415d4dfb:477:19), <anonymous>:3:32)
    at http://[::1]:5173/node_modules/.vite/deps/alpinejs.js?v=415d4dfb:502:21
    at tryCatch (http://[::1]:5173/node_modules/.vite/deps/alpinejs.js?v=415d4dfb:416:12)
    at http://[::1]:5173/node_modules/.vite/deps/alpinejs.js?v=415d4dfb:2912:17
    at reactiveEffect (http://[::1]:5173/node_modules/.vite/deps/alpinejs.js?v=415d4dfb:1746:16)
    at Object.effect2 [as effect] (http://[::1]:5173/node_modules/.vite/deps/alpinejs.js?v=415d4dfb:1721:5)
    at effect (http://[::1]:5173/node_modules/.vite/deps/alpinejs.js?v=415d4dfb:51:33)
    at wrappedEffect (http://[::1]:5173/node_modules/.vite/deps/alpinejs.js?v=415d4dfb:67:27)
    at handler2 (http://[::1]:5173/node_modules/.vite/deps/alpinejs.js?v=415d4dfb:2912:3)
    at flushHandlers (http://[::1]:5173/node_modules/.vite/deps/alpinejs.js?v=415d4dfb:587:46)
[     447ms] [ERROR] [sopas] error global: ReferenceError: sortAsc is not defined
    at [Alpine] sortAsc (eval at safeAsyncFunction (http://[::1]:5173/node_modules/.vite/deps/alpinejs.js?v=415d4dfb:477:19), <anonymous>:3:32)
    at http://[::1]:5173/node_modules/.vite/deps/alpinejs.js?v=415d4dfb:502:21
    at tryCatch (http://[::1]:5173/node_modules/.vite/deps/alpinejs.js?v=415d4dfb:416:12)
    at http://[::1]:5173/node_modules/.vite/deps/alpinejs.js?v=415d4dfb:3008:17
    at reactiveEffect (http://[::1]:5173/node_modules/.vite/deps/alpinejs.js?v=415d4dfb:1746:16)
    at Object.effect2 [as effect] (http://[::1]:5173/node_modules/.vite/deps/alpinejs.js?v=415d4dfb:1721:5)
    at effect (http://[::1]:5173/node_modules/.vite/deps/alpinejs.js?v=415d4dfb:51:33)
    at wrappedEffect (http://[::1]:5173/node_modules/.vite/deps/alpinejs.js?v=415d4dfb:67:27)
    at Function.<anonymous> (http://[::1]:5173/node_modules/.vite/deps/alpinejs.js?v=415d4dfb:3008:3)
    at flushHandlers (http://[::1]:5173/node_modules/.vite/deps/alpinejs.js?v=415d4dfb:587:46) @ http://[::1]:5173/resources/js/app.js:146
[     447ms] ReferenceError: sortAsc is not defined
    at [Alpine] sortAsc (eval at safeAsyncFunction (http://[::1]:5173/node_modules/.vite/deps/alpinejs.js?v=415d4dfb:477:19), <anonymous>:3:32)
    at http://[::1]:5173/node_modules/.vite/deps/alpinejs.js?v=415d4dfb:502:21
    at tryCatch (http://[::1]:5173/node_modules/.vite/deps/alpinejs.js?v=415d4dfb:416:12)
    at http://[::1]:5173/node_modules/.vite/deps/alpinejs.js?v=415d4dfb:3008:17
    at reactiveEffect (http://[::1]:5173/node_modules/.vite/deps/alpinejs.js?v=415d4dfb:1746:16)
    at Object.effect2 [as effect] (http://[::1]:5173/node_modules/.vite/deps/alpinejs.js?v=415d4dfb:1721:5)
    at effect (http://[::1]:5173/node_modules/.vite/deps/alpinejs.js?v=415d4dfb:51:33)
    at wrappedEffect (http://[::1]:5173/node_modules/.vite/deps/alpinejs.js?v=415d4dfb:67:27)
    at Function.<anonymous> (http://[::1]:5173/node_modules/.vite/deps/alpinejs.js?v=415d4dfb:3008:3)
    at flushHandlers (http://[::1]:5173/node_modules/.vite/deps/alpinejs.js?v=415d4dfb:587:46)
[     448ms] [ERROR] [sopas] error global: ReferenceError: sortAsc is not defined
    at [Alpine] !sortAsc (eval at safeAsyncFunction (http://[::1]:5173/node_modules/.vite/deps/alpinejs.js?v=415d4dfb:477:19), <anonymous>:3:33)
    at http://[::1]:5173/node_modules/.vite/deps/alpinejs.js?v=415d4dfb:502:21
    at tryCatch (http://[::1]:5173/node_modules/.vite/deps/alpinejs.js?v=415d4dfb:416:12)
    at http://[::1]:5173/node_modules/.vite/deps/alpinejs.js?v=415d4dfb:3008:17
    at reactiveEffect (http://[::1]:5173/node_modules/.vite/deps/alpinejs.js?v=415d4dfb:1746:16)
    at Object.effect2 [as effect] (http://[::1]:5173/node_modules/.vite/deps/alpinejs.js?v=415d4dfb:1721:5)
    at effect (http://[::1]:5173/node_modules/.vite/deps/alpinejs.js?v=415d4dfb:51:33)
    at wrappedEffect (http://[::1]:5173/node_modules/.vite/deps/alpinejs.js?v=415d4dfb:67:27)
    at Function.<anonymous> (http://[::1]:5173/node_modules/.vite/deps/alpinejs.js?v=415d4dfb:3008:3)
    at flushHandlers (http://[::1]:5173/node_modules/.vite/deps/alpinejs.js?v=415d4dfb:587:46) @ http://[::1]:5173/resources/js/app.js:146
[     448ms] ReferenceError: sortAsc is not defined
    at [Alpine] !sortAsc (eval at safeAsyncFunction (http://[::1]:5173/node_modules/.vite/deps/alpinejs.js?v=415d4dfb:477:19), <anonymous>:3:33)
    at http://[::1]:5173/node_modules/.vite/deps/alpinejs.js?v=415d4dfb:502:21
    at tryCatch (http://[::1]:5173/node_modules/.vite/deps/alpinejs.js?v=415d4dfb:416:12)
    at http://[::1]:5173/node_modules/.vite/deps/alpinejs.js?v=415d4dfb:3008:17
    at reactiveEffect (http://[::1]:5173/node_modules/.vite/deps/alpinejs.js?v=415d4dfb:1746:16)
    at Object.effect2 [as effect] (http://[::1]:5173/node_modules/.vite/deps/alpinejs.js?v=415d4dfb:1721:5)
    at effect (http://[::1]:5173/node_modules/.vite/deps/alpinejs.js?v=415d4dfb:51:33)
    at wrappedEffect (http://[::1]:5173/node_modules/.vite/deps/alpinejs.js?v=415d4dfb:67:27)
    at Function.<anonymous> (http://[::1]:5173/node_modules/.vite/deps/alpinejs.js?v=415d4dfb:3008:3)
    at flushHandlers (http://[::1]:5173/node_modules/.vite/deps/alpinejs.js?v=415d4dfb:587:46)
[     448ms] [ERROR] [sopas] error global: ReferenceError: sortAsc is not defined
    at [Alpine] sortAsc (eval at safeAsyncFunction (http://[::1]:5173/node_modules/.vite/deps/alpinejs.js?v=415d4dfb:477:19), <anonymous>:3:32)
    at http://[::1]:5173/node_modules/.vite/deps/alpinejs.js?v=415d4dfb:502:21
    at tryCatch (http://[::1]:5173/node_modules/.vite/deps/alpinejs.js?v=415d4dfb:416:12)
    at http://[::1]:5173/node_modules/.vite/deps/alpinejs.js?v=415d4dfb:3008:17
    at reactiveEffect (http://[::1]:5173/node_modules/.vite/deps/alpinejs.js?v=415d4dfb:1746:16)
    at Object.effect2 [as effect] (http://[::1]:5173/node_modules/.vite/deps/alpinejs.js?v=415d4dfb:1721:5)
    at effect (http://[::1]:5173/node_modules/.vite/deps/alpinejs.js?v=415d4dfb:51:33)
    at wrappedEffect (http://[::1]:5173/node_modules/.vite/deps/alpinejs.js?v=415d4dfb:67:27)
    at Function.<anonymous> (http://[::1]:5173/node_modules/.vite/deps/alpinejs.js?v=415d4dfb:3008:3)
    at flushHandlers (http://[::1]:5173/node_modules/.vite/deps/alpinejs.js?v=415d4dfb:587:46) @ http://[::1]:5173/resources/js/app.js:146
[     449ms] ReferenceError: sortAsc is not defined
    at [Alpine] sortAsc (eval at safeAsyncFunction (http://[::1]:5173/node_modules/.vite/deps/alpinejs.js?v=415d4dfb:477:19), <anonymous>:3:32)
    at http://[::1]:5173/node_modules/.vite/deps/alpinejs.js?v=415d4dfb:502:21
    at tryCatch (http://[::1]:5173/node_modules/.vite/deps/alpinejs.js?v=415d4dfb:416:12)
    at http://[::1]:5173/node_modules/.vite/deps/alpinejs.js?v=415d4dfb:3008:17
    at reactiveEffect (http://[::1]:5173/node_modules/.vite/deps/alpinejs.js?v=415d4dfb:1746:16)
    at Object.effect2 [as effect] (http://[::1]:5173/node_modules/.vite/deps/alpinejs.js?v=415d4dfb:1721:5)
    at effect (http://[::1]:5173/node_modules/.vite/deps/alpinejs.js?v=415d4dfb:51:33)
    at wrappedEffect (http://[::1]:5173/node_modules/.vite/deps/alpinejs.js?v=415d4dfb:67:27)
    at Function.<anonymous> (http://[::1]:5173/node_modules/.vite/deps/alpinejs.js?v=415d4dfb:3008:3)
    at flushHandlers (http://[::1]:5173/node_modules/.vite/deps/alpinejs.js?v=415d4dfb:587:46)
[     448ms] [ERROR] [sopas] error global: ReferenceError: sortAsc is not defined
    at [Alpine] !sortAsc (eval at safeAsyncFunction (http://[::1]:5173/node_modules/.vite/deps/alpinejs.js?v=415d4dfb:477:19), <anonymous>:3:33)
    at http://[::1]:5173/node_modules/.vite/deps/alpinejs.js?v=415d4dfb:502:21
    at tryCatch (http://[::1]:5173/node_modules/.vite/deps/alpinejs.js?v=415d4dfb:416:12)
    at http://[::1]:5173/node_modules/.vite/deps/alpinejs.js?v=415d4dfb:3008:17
    at reactiveEffect (http://[::1]:5173/node_modules/.vite/deps/alpinejs.js?v=415d4dfb:1746:16)
    at Object.effect2 [as effect] (http://[::1]:5173/node_modules/.vite/deps/alpinejs.js?v=415d4dfb:1721:5)
    at effect (http://[::1]:5173/node_modules/.vite/deps/alpinejs.js?v=415d4dfb:51:33)
    at wrappedEffect (http://[::1]:5173/node_modules/.vite/deps/alpinejs.js?v=415d4dfb:67:27)
    at Function.<anonymous> (http://[::1]:5173/node_modules/.vite/deps/alpinejs.js?v=415d4dfb:3008:3)
    at flushHandlers (http://[::1]:5173/node_modules/.vite/deps/alpinejs.js?v=415d4dfb:587:46) @ http://[::1]:5173/resources/js/app.js:146
[     449ms] ReferenceError: sortAsc is not defined
    at [Alpine] !sortAsc (eval at safeAsyncFunction (http://[::1]:5173/node_modules/.vite/deps/alpinejs.js?v=415d4dfb:477:19), <anonymous>:3:33)
    at http://[::1]:5173/node_modules/.vite/deps/alpinejs.js?v=415d4dfb:502:21
    at tryCatch (http://[::1]:5173/node_modules/.vite/deps/alpinejs.js?v=415d4dfb:416:12)
    at http://[::1]:5173/node_modules/.vite/deps/alpinejs.js?v=415d4dfb:3008:17
    at reactiveEffect (http://[::1]:5173/node_modules/.vite/deps/alpinejs.js?v=415d4dfb:1746:16)
    at Object.effect2 [as effect] (http://[::1]:5173/node_modules/.vite/deps/alpinejs.js?v=415d4dfb:1721:5)
    at effect (http://[::1]:5173/node_modules/.vite/deps/alpinejs.js?v=415d4dfb:51:33)
    at wrappedEffect (http://[::1]:5173/node_modules/.vite/deps/alpinejs.js?v=415d4dfb:67:27)
    at Function.<anonymous> (http://[::1]:5173/node_modules/.vite/deps/alpinejs.js?v=415d4dfb:3008:3)
    at flushHandlers (http://[::1]:5173/node_modules/.vite/deps/alpinejs.js?v=415d4dfb:587:46)
[     449ms] [ERROR] [sopas] error global: ReferenceError: sortAsc is not defined
    at [Alpine] sortAsc (eval at safeAsyncFunction (http://[::1]:5173/node_modules/.vite/deps/alpinejs.js?v=415d4dfb:477:19), <anonymous>:3:32)
    at http://[::1]:5173/node_modules/.vite/deps/alpinejs.js?v=415d4dfb:502:21
    at tryCatch (http://[::1]:5173/node_modules/.vite/deps/alpinejs.js?v=415d4dfb:416:12)
    at http://[::1]:5173/node_modules/.vite/deps/alpinejs.js?v=415d4dfb:3008:17
    at reactiveEffect (http://[::1]:5173/node_modules/.vite/deps/alpinejs.js?v=415d4dfb:1746:16)
    at Object.effect2 [as effect] (http://[::1]:5173/node_modules/.vite/deps/alpinejs.js?v=415d4dfb:1721:5)
    at effect (http://[::1]:5173/node_modules/.vite/deps/alpinejs.js?v=415d4dfb:51:33)
    at wrappedEffect (http://[::1]:5173/node_modules/.vite/deps/alpinejs.js?v=415d4dfb:67:27)
    at Function.<anonymous> (http://[::1]:5173/node_modules/.vite/deps/alpinejs.js?v=415d4dfb:3008:3)
    at flushHandlers (http://[::1]:5173/node_modules/.vite/deps/alpinejs.js?v=415d4dfb:587:46) @ http://[::1]:5173/resources/js/app.js:146
[     449ms] ReferenceError: sortAsc is not defined
    at [Alpine] sortAsc (eval at safeAsyncFunction (http://[::1]:5173/node_modules/.vite/deps/alpinejs.js?v=415d4dfb:477:19), <anonymous>:3:32)
    at http://[::1]:5173/node_modules/.vite/deps/alpinejs.js?v=415d4dfb:502:21
    at tryCatch (http://[::1]:5173/node_modules/.vite/deps/alpinejs.js?v=415d4dfb:416:12)
    at http://[::1]:5173/node_modules/.vite/deps/alpinejs.js?v=415d4dfb:3008:17
    at reactiveEffect (http://[::1]:5173/node_modules/.vite/deps/alpinejs.js?v=415d4dfb:1746:16)
    at Object.effect2 [as effect] (http://[::1]:5173/node_modules/.vite/deps/alpinejs.js?v=415d4dfb:1721:5)
    at effect (http://[::1]:5173/node_modules/.vite/deps/alpinejs.js?v=415d4dfb:51:33)
    at wrappedEffect (http://[::1]:5173/node_modules/.vite/deps/alpinejs.js?v=415d4dfb:67:27)
    at Function.<anonymous> (http://[::1]:5173/node_modules/.vite/deps/alpinejs.js?v=415d4dfb:3008:3)
    at flushHandlers (http://[::1]:5173/node_modules/.vite/deps/alpinejs.js?v=415d4dfb:587:46)
[     449ms] [ERROR] [sopas] error global: ReferenceError: sortAsc is not defined
    at [Alpine] !sortAsc (eval at safeAsyncFunction (http://[::1]:5173/node_modules/.vite/deps/alpinejs.js?v=415d4dfb:477:19), <anonymous>:3:33)
    at http://[::1]:5173/node_modules/.vite/deps/alpinejs.js?v=415d4dfb:502:21
    at tryCatch (http://[::1]:5173/node_modules/.vite/deps/alpinejs.js?v=415d4dfb:416:12)
    at http://[::1]:5173/node_modules/.vite/deps/alpinejs.js?v=415d4dfb:3008:17
    at reactiveEffect (http://[::1]:5173/node_modules/.vite/deps/alpinejs.js?v=415d4dfb:1746:16)
    at Object.effect2 [as effect] (http://[::1]:5173/node_modules/.vite/deps/alpinejs.js?v=415d4dfb:1721:5)
    at effect (http://[::1]:5173/node_modules/.vite/deps/alpinejs.js?v=415d4dfb:51:33)
    at wrappedEffect (http://[::1]:5173/node_modules/.vite/deps/alpinejs.js?v=415d4dfb:67:27)
    at Function.<anonymous> (http://[::1]:5173/node_modules/.vite/deps/alpinejs.js?v=415d4dfb:3008:3)
    at flushHandlers (http://[::1]:5173/node_modules/.vite/deps/alpinejs.js?v=415d4dfb:587:46) @ http://[::1]:5173/resources/js/app.js:146
[     449ms] ReferenceError: sortAsc is not defined
    at [Alpine] !sortAsc (eval at safeAsyncFunction (http://[::1]:5173/node_modules/.vite/deps/alpinejs.js?v=415d4dfb:477:19), <anonymous>:3:33)
    at http://[::1]:5173/node_modules/.vite/deps/alpinejs.js?v=415d4dfb:502:21
    at tryCatch (http://[::1]:5173/node_modules/.vite/deps/alpinejs.js?v=415d4dfb:416:12)
    at http://[::1]:5173/node_modules/.vite/deps/alpinejs.js?v=415d4dfb:3008:17
    at reactiveEffect (http://[::1]:5173/node_modules/.vite/deps/alpinejs.js?v=415d4dfb:1746:16)
    at Object.effect2 [as effect] (http://[::1]:5173/node_modules/.vite/deps/alpinejs.js?v=415d4dfb:1721:5)
    at effect (http://[::1]:5173/node_modules/.vite/deps/alpinejs.js?v=415d4dfb:51:33)
    at wrappedEffect (http://[::1]:5173/node_modules/.vite/deps/alpinejs.js?v=415d4dfb:67:27)
    at Function.<anonymous> (http://[::1]:5173/node_modules/.vite/deps/alpinejs.js?v=415d4dfb:3008:3)
    at flushHandlers (http://[::1]:5173/node_modules/.vite/deps/alpinejs.js?v=415d4dfb:587:46)
[     449ms] [ERROR] [sopas] error global: ReferenceError: sortAsc is not defined
    at [Alpine] sortAsc (eval at safeAsyncFunction (http://[::1]:5173/node_modules/.vite/deps/alpinejs.js?v=415d4dfb:477:19), <anonymous>:3:32)
    at http://[::1]:5173/node_modules/.vite/deps/alpinejs.js?v=415d4dfb:502:21
    at tryCatch (http://[::1]:5173/node_modules/.vite/deps/alpinejs.js?v=415d4dfb:416:12)
    at http://[::1]:5173/node_modules/.vite/deps/alpinejs.js?v=415d4dfb:3008:17
    at reactiveEffect (http://[::1]:5173/node_modules/.vite/deps/alpinejs.js?v=415d4dfb:1746:16)
    at Object.effect2 [as effect] (http://[::1]:5173/node_modules/.vite/deps/alpinejs.js?v=415d4dfb:1721:5)
    at effect (http://[::1]:5173/node_modules/.vite/deps/alpinejs.js?v=415d4dfb:51:33)
    at wrappedEffect (http://[::1]:5173/node_modules/.vite/deps/alpinejs.js?v=415d4dfb:67:27)
    at Function.<anonymous> (http://[::1]:5173/node_modules/.vite/deps/alpinejs.js?v=415d4dfb:3008:3)
    at flushHandlers (http://[::1]:5173/node_modules/.vite/deps/alpinejs.js?v=415d4dfb:587:46) @ http://[::1]:5173/resources/js/app.js:146
[     450ms] ReferenceError: sortAsc is not defined
    at [Alpine] sortAsc (eval at safeAsyncFunction (http://[::1]:5173/node_modules/.vite/deps/alpinejs.js?v=415d4dfb:477:19), <anonymous>:3:32)
    at http://[::1]:5173/node_modules/.vite/deps/alpinejs.js?v=415d4dfb:502:21
    at tryCatch (http://[::1]:5173/node_modules/.vite/deps/alpinejs.js?v=415d4dfb:416:12)
    at http://[::1]:5173/node_modules/.vite/deps/alpinejs.js?v=415d4dfb:3008:17
    at reactiveEffect (http://[::1]:5173/node_modules/.vite/deps/alpinejs.js?v=415d4dfb:1746:16)
    at Object.effect2 [as effect] (http://[::1]:5173/node_modules/.vite/deps/alpinejs.js?v=415d4dfb:1721:5)
    at effect (http://[::1]:5173/node_modules/.vite/deps/alpinejs.js?v=415d4dfb:51:33)
    at wrappedEffect (http://[::1]:5173/node_modules/.vite/deps/alpinejs.js?v=415d4dfb:67:27)
    at Function.<anonymous> (http://[::1]:5173/node_modules/.vite/deps/alpinejs.js?v=415d4dfb:3008:3)
    at flushHandlers (http://[::1]:5173/node_modules/.vite/deps/alpinejs.js?v=415d4dfb:587:46)
[     449ms] [ERROR] [sopas] error global: ReferenceError: sortAsc is not defined
    at [Alpine] !sortAsc (eval at safeAsyncFunction (http://[::1]:5173/node_modules/.vite/deps/alpinejs.js?v=415d4dfb:477:19), <anonymous>:3:33)
    at http://[::1]:5173/node_modules/.vite/deps/alpinejs.js?v=415d4dfb:502:21
    at tryCatch (http://[::1]:5173/node_modules/.vite/deps/alpinejs.js?v=415d4dfb:416:12)
    at http://[::1]:5173/node_modules/.vite/deps/alpinejs.js?v=415d4dfb:3008:17
    at reactiveEffect (http://[::1]:5173/node_modules/.vite/deps/alpinejs.js?v=415d4dfb:1746:16)
    at Object.effect2 [as effect] (http://[::1]:5173/node_modules/.vite/deps/alpinejs.js?v=415d4dfb:1721:5)
    at effect (http://[::1]:5173/node_modules/.vite/deps/alpinejs.js?v=415d4dfb:51:33)
    at wrappedEffect (http://[::1]:5173/node_modules/.vite/deps/alpinejs.js?v=415d4dfb:67:27)
    at Function.<anonymous> (http://[::1]:5173/node_modules/.vite/deps/alpinejs.js?v=415d4dfb:3008:3)
    at flushHandlers (http://[::1]:5173/node_modules/.vite/deps/alpinejs.js?v=415d4dfb:587:46) @ http://[::1]:5173/resources/js/app.js:146
[     451ms] ReferenceError: sortAsc is not defined
    at [Alpine] !sortAsc (eval at safeAsyncFunction (http://[::1]:5173/node_modules/.vite/deps/alpinejs.js?v=415d4dfb:477:19), <anonymous>:3:33)
    at http://[::1]:5173/node_modules/.vite/deps/alpinejs.js?v=415d4dfb:502:21
    at tryCatch (http://[::1]:5173/node_modules/.vite/deps/alpinejs.js?v=415d4dfb:416:12)
    at http://[::1]:5173/node_modules/.vite/deps/alpinejs.js?v=415d4dfb:3008:17
    at reactiveEffect (http://[::1]:5173/node_modules/.vite/deps/alpinejs.js?v=415d4dfb:1746:16)
    at Object.effect2 [as effect] (http://[::1]:5173/node_modules/.vite/deps/alpinejs.js?v=415d4dfb:1721:5)
    at effect (http://[::1]:5173/node_modules/.vite/deps/alpinejs.js?v=415d4dfb:51:33)
    at wrappedEffect (http://[::1]:5173/node_modules/.vite/deps/alpinejs.js?v=415d4dfb:67:27)
    at Function.<anonymous> (http://[::1]:5173/node_modules/.vite/deps/alpinejs.js?v=415d4dfb:3008:3)
    at flushHandlers (http://[::1]:5173/node_modules/.vite/deps/alpinejs.js?v=415d4dfb:587:46)
[     450ms] [ERROR] [sopas] error global: ReferenceError: sortAsc is not defined
    at [Alpine] sortAsc (eval at safeAsyncFunction (http://[::1]:5173/node_modules/.vite/deps/alpinejs.js?v=415d4dfb:477:19), <anonymous>:3:32)
    at http://[::1]:5173/node_modules/.vite/deps/alpinejs.js?v=415d4dfb:502:21
    at tryCatch (http://[::1]:5173/node_modules/.vite/deps/alpinejs.js?v=415d4dfb:416:12)
    at http://[::1]:5173/node_modules/.vite/deps/alpinejs.js?v=415d4dfb:3008:17
    at reactiveEffect (http://[::1]:5173/node_modules/.vite/deps/alpinejs.js?v=415d4dfb:1746:16)
    at Object.effect2 [as effect] (http://[::1]:5173/node_modules/.vite/deps/alpinejs.js?v=415d4dfb:1721:5)
    at effect (http://[::1]:5173/node_modules/.vite/deps/alpinejs.js?v=415d4dfb:51:33)
    at wrappedEffect (http://[::1]:5173/node_modules/.vite/deps/alpinejs.js?v=415d4dfb:67:27)
    at Function.<anonymous> (http://[::1]:5173/node_modules/.vite/deps/alpinejs.js?v=415d4dfb:3008:3)
    at flushHandlers (http://[::1]:5173/node_modules/.vite/deps/alpinejs.js?v=415d4dfb:587:46) @ http://[::1]:5173/resources/js/app.js:146
[     451ms] ReferenceError: sortAsc is not defined
    at [Alpine] sortAsc (eval at safeAsyncFunction (http://[::1]:5173/node_modules/.vite/deps/alpinejs.js?v=415d4dfb:477:19), <anonymous>:3:32)
    at http://[::1]:5173/node_modules/.vite/deps/alpinejs.js?v=415d4dfb:502:21
    at tryCatch (http://[::1]:5173/node_modules/.vite/deps/alpinejs.js?v=415d4dfb:416:12)
    at http://[::1]:5173/node_modules/.vite/deps/alpinejs.js?v=415d4dfb:3008:17
    at reactiveEffect (http://[::1]:5173/node_modules/.vite/deps/alpinejs.js?v=415d4dfb:1746:16)
    at Object.effect2 [as effect] (http://[::1]:5173/node_modules/.vite/deps/alpinejs.js?v=415d4dfb:1721:5)
    at effect (http://[::1]:5173/node_modules/.vite/deps/alpinejs.js?v=415d4dfb:51:33)
    at wrappedEffect (http://[::1]:5173/node_modules/.vite/deps/alpinejs.js?v=415d4dfb:67:27)
    at Function.<anonymous> (http://[::1]:5173/node_modules/.vite/deps/alpinejs.js?v=415d4dfb:3008:3)
    at flushHandlers (http://[::1]:5173/node_modules/.vite/deps/alpinejs.js?v=415d4dfb:587:46)
[     450ms] [ERROR] [sopas] error global: ReferenceError: sortAsc is not defined
    at [Alpine] !sortAsc (eval at safeAsyncFunction (http://[::1]:5173/node_modules/.vite/deps/alpinejs.js?v=415d4dfb:477:19), <anonymous>:3:33)
    at http://[::1]:5173/node_modules/.vite/deps/alpinejs.js?v=415d4dfb:502:21
    at tryCatch (http://[::1]:5173/node_modules/.vite/deps/alpinejs.js?v=415d4dfb:416:12)
    at http://[::1]:5173/node_modules/.vite/deps/alpinejs.js?v=415d4dfb:3008:17
    at reactiveEffect (http://[::1]:5173/node_modules/.vite/deps/alpinejs.js?v=415d4dfb:1746:16)
    at Object.effect2 [as effect] (http://[::1]:5173/node_modules/.vite/deps/alpinejs.js?v=415d4dfb:1721:5)
    at effect (http://[::1]:5173/node_modules/.vite/deps/alpinejs.js?v=415d4dfb:51:33)
    at wrappedEffect (http://[::1]:5173/node_modules/.vite/deps/alpinejs.js?v=415d4dfb:67:27)
    at Function.<anonymous> (http://[::1]:5173/node_modules/.vite/deps/alpinejs.js?v=415d4dfb:3008:3)
    at flushHandlers (http://[::1]:5173/node_modules/.vite/deps/alpinejs.js?v=415d4dfb:587:46) @ http://[::1]:5173/resources/js/app.js:146
[     451ms] ReferenceError: sortAsc is not defined
    at [Alpine] !sortAsc (eval at safeAsyncFunction (http://[::1]:5173/node_modules/.vite/deps/alpinejs.js?v=415d4dfb:477:19), <anonymous>:3:33)
    at http://[::1]:5173/node_modules/.vite/deps/alpinejs.js?v=415d4dfb:502:21
    at tryCatch (http://[::1]:5173/node_modules/.vite/deps/alpinejs.js?v=415d4dfb:416:12)
    at http://[::1]:5173/node_modules/.vite/deps/alpinejs.js?v=415d4dfb:3008:17
    at reactiveEffect (http://[::1]:5173/node_modules/.vite/deps/alpinejs.js?v=415d4dfb:1746:16)
    at Object.effect2 [as effect] (http://[::1]:5173/node_modules/.vite/deps/alpinejs.js?v=415d4dfb:1721:5)
    at effect (http://[::1]:5173/node_modules/.vite/deps/alpinejs.js?v=415d4dfb:51:33)
    at wrappedEffect (http://[::1]:5173/node_modules/.vite/deps/alpinejs.js?v=415d4dfb:67:27)
    at Function.<anonymous> (http://[::1]:5173/node_modules/.vite/deps/alpinejs.js?v=415d4dfb:3008:3)
    at flushHandlers (http://[::1]:5173/node_modules/.vite/deps/alpinejs.js?v=415d4dfb:587:46)
[     450ms] [ERROR] [sopas] error global: ReferenceError: sortAsc is not defined
    at [Alpine] sortAsc (eval at safeAsyncFunction (http://[::1]:5173/node_modules/.vite/deps/alpinejs.js?v=415d4dfb:477:19), <anonymous>:3:32)
    at http://[::1]:5173/node_modules/.vite/deps/alpinejs.js?v=415d4dfb:502:21
    at tryCatch (http://[::1]:5173/node_modules/.vite/deps/alpinejs.js?v=415d4dfb:416:12)
    at http://[::1]:5173/node_modules/.vite/deps/alpinejs.js?v=415d4dfb:3008:17
    at reactiveEffect (http://[::1]:5173/node_modules/.vite/deps/alpinejs.js?v=415d4dfb:1746:16)
    at Object.effect2 [as effect] (http://[::1]:5173/node_modules/.vite/deps/alpinejs.js?v=415d4dfb:1721:5)
    at effect (http://[::1]:5173/node_modules/.vite/deps/alpinejs.js?v=415d4dfb:51:33)
    at wrappedEffect (http://[::1]:5173/node_modules/.vite/deps/alpinejs.js?v=415d4dfb:67:27)
    at Function.<anonymous> (http://[::1]:5173/node_modules/.vite/deps/alpinejs.js?v=415d4dfb:3008:3)
    at flushHandlers (http://[::1]:5173/node_modules/.vite/deps/alpinejs.js?v=415d4dfb:587:46) @ http://[::1]:5173/resources/js/app.js:146
[     451ms] ReferenceError: sortAsc is not defined
    at [Alpine] sortAsc (eval at safeAsyncFunction (http://[::1]:5173/node_modules/.vite/deps/alpinejs.js?v=415d4dfb:477:19), <anonymous>:3:32)
    at http://[::1]:5173/node_modules/.vite/deps/alpinejs.js?v=415d4dfb:502:21
    at tryCatch (http://[::1]:5173/node_modules/.vite/deps/alpinejs.js?v=415d4dfb:416:12)
    at http://[::1]:5173/node_modules/.vite/deps/alpinejs.js?v=415d4dfb:3008:17
    at reactiveEffect (http://[::1]:5173/node_modules/.vite/deps/alpinejs.js?v=415d4dfb:1746:16)
    at Object.effect2 [as effect] (http://[::1]:5173/node_modules/.vite/deps/alpinejs.js?v=415d4dfb:1721:5)
    at effect (http://[::1]:5173/node_modules/.vite/deps/alpinejs.js?v=415d4dfb:51:33)
    at wrappedEffect (http://[::1]:5173/node_modules/.vite/deps/alpinejs.js?v=415d4dfb:67:27)
    at Function.<anonymous> (http://[::1]:5173/node_modules/.vite/deps/alpinejs.js?v=415d4dfb:3008:3)
    at flushHandlers (http://[::1]:5173/node_modules/.vite/deps/alpinejs.js?v=415d4dfb:587:46)
[     450ms] [ERROR] [sopas] error global: ReferenceError: sortAsc is not defined
    at [Alpine] !sortAsc (eval at safeAsyncFunction (http://[::1]:5173/node_modules/.vite/deps/alpinejs.js?v=415d4dfb:477:19), <anonymous>:3:33)
    at http://[::1]:5173/node_modules/.vite/deps/alpinejs.js?v=415d4dfb:502:21
    at tryCatch (http://[::1]:5173/node_modules/.vite/deps/alpinejs.js?v=415d4dfb:416:12)
    at http://[::1]:5173/node_modules/.vite/deps/alpinejs.js?v=415d4dfb:3008:17
    at reactiveEffect (http://[::1]:5173/node_modules/.vite/deps/alpinejs.js?v=415d4dfb:1746:16)
    at Object.effect2 [as effect] (http://[::1]:5173/node_modules/.vite/deps/alpinejs.js?v=415d4dfb:1721:5)
    at effect (http://[::1]:5173/node_modules/.vite/deps/alpinejs.js?v=415d4dfb:51:33)
    at wrappedEffect (http://[::1]:5173/node_modules/.vite/deps/alpinejs.js?v=415d4dfb:67:27)
    at Function.<anonymous> (http://[::1]:5173/node_modules/.vite/deps/alpinejs.js?v=415d4dfb:3008:3)
    at flushHandlers (http://[::1]:5173/node_modules/.vite/deps/alpinejs.js?v=415d4dfb:587:46) @ http://[::1]:5173/resources/js/app.js:146
[     451ms] ReferenceError: sortAsc is not defined
    at [Alpine] !sortAsc (eval at safeAsyncFunction (http://[::1]:5173/node_modules/.vite/deps/alpinejs.js?v=415d4dfb:477:19), <anonymous>:3:33)
    at http://[::1]:5173/node_modules/.vite/deps/alpinejs.js?v=415d4dfb:502:21
    at tryCatch (http://[::1]:5173/node_modules/.vite/deps/alpinejs.js?v=415d4dfb:416:12)
    at http://[::1]:5173/node_modules/.vite/deps/alpinejs.js?v=415d4dfb:3008:17
    at reactiveEffect (http://[::1]:5173/node_modules/.vite/deps/alpinejs.js?v=415d4dfb:1746:16)
    at Object.effect2 [as effect] (http://[::1]:5173/node_modules/.vite/deps/alpinejs.js?v=415d4dfb:1721:5)
    at effect (http://[::1]:5173/node_modules/.vite/deps/alpinejs.js?v=415d4dfb:51:33)
    at wrappedEffect (http://[::1]:5173/node_modules/.vite/deps/alpinejs.js?v=415d4dfb:67:27)
    at Function.<anonymous> (http://[::1]:5173/node_modules/.vite/deps/alpinejs.js?v=415d4dfb:3008:3)
    at flushHandlers (http://[::1]:5173/node_modules/.vite/deps/alpinejs.js?v=415d4dfb:587:46)
[     450ms] [ERROR] [sopas] error global: ReferenceError: sortAsc is not defined
    at [Alpine] sortAsc (eval at safeAsyncFunction (http://[::1]:5173/node_modules/.vite/deps/alpinejs.js?v=415d4dfb:477:19), <anonymous>:3:32)
    at http://[::1]:5173/node_modules/.vite/deps/alpinejs.js?v=415d4dfb:502:21
    at tryCatch (http://[::1]:5173/node_modules/.vite/deps/alpinejs.js?v=415d4dfb:416:12)
    at http://[::1]:5173/node_modules/.vite/deps/alpinejs.js?v=415d4dfb:3008:17
    at reactiveEffect (http://[::1]:5173/node_modules/.vite/deps/alpinejs.js?v=415d4dfb:1746:16)
    at Object.effect2 [as effect] (http://[::1]:5173/node_modules/.vite/deps/alpinejs.js?v=415d4dfb:1721:5)
    at effect (http://[::1]:5173/node_modules/.vite/deps/alpinejs.js?v=415d4dfb:51:33)
    at wrappedEffect (http://[::1]:5173/node_modules/.vite/deps/alpinejs.js?v=415d4dfb:67:27)
    at Function.<anonymous> (http://[::1]:5173/node_modules/.vite/deps/alpinejs.js?v=415d4dfb:3008:3)
    at flushHandlers (http://[::1]:5173/node_modules/.vite/deps/alpinejs.js?v=415d4dfb:587:46) @ http://[::1]:5173/resources/js/app.js:146
[     452ms] ReferenceError: sortAsc is not defined
    at [Alpine] sortAsc (eval at safeAsyncFunction (http://[::1]:5173/node_modules/.vite/deps/alpinejs.js?v=415d4dfb:477:19), <anonymous>:3:32)
    at http://[::1]:5173/node_modules/.vite/deps/alpinejs.js?v=415d4dfb:502:21
    at tryCatch (http://[::1]:5173/node_modules/.vite/deps/alpinejs.js?v=415d4dfb:416:12)
    at http://[::1]:5173/node_modules/.vite/deps/alpinejs.js?v=415d4dfb:3008:17
    at reactiveEffect (http://[::1]:5173/node_modules/.vite/deps/alpinejs.js?v=415d4dfb:1746:16)
    at Object.effect2 [as effect] (http://[::1]:5173/node_modules/.vite/deps/alpinejs.js?v=415d4dfb:1721:5)
    at effect (http://[::1]:5173/node_modules/.vite/deps/alpinejs.js?v=415d4dfb:51:33)
    at wrappedEffect (http://[::1]:5173/node_modules/.vite/deps/alpinejs.js?v=415d4dfb:67:27)
    at Function.<anonymous> (http://[::1]:5173/node_modules/.vite/deps/alpinejs.js?v=415d4dfb:3008:3)
    at flushHandlers (http://[::1]:5173/node_modules/.vite/deps/alpinejs.js?v=415d4dfb:587:46)
[     450ms] [ERROR] [sopas] error global: ReferenceError: sortAsc is not defined
    at [Alpine] !sortAsc (eval at safeAsyncFunction (http://[::1]:5173/node_modules/.vite/deps/alpinejs.js?v=415d4dfb:477:19), <anonymous>:3:33)
    at http://[::1]:5173/node_modules/.vite/deps/alpinejs.js?v=415d4dfb:502:21
    at tryCatch (http://[::1]:5173/node_modules/.vite/deps/alpinejs.js?v=415d4dfb:416:12)
    at http://[::1]:5173/node_modules/.vite/deps/alpinejs.js?v=415d4dfb:3008:17
    at reactiveEffect (http://[::1]:5173/node_modules/.vite/deps/alpinejs.js?v=415d4dfb:1746:16)
    at Object.effect2 [as effect] (http://[::1]:5173/node_modules/.vite/deps/alpinejs.js?v=415d4dfb:1721:5)
    at effect (http://[::1]:5173/node_modules/.vite/deps/alpinejs.js?v=415d4dfb:51:33)
    at wrappedEffect (http://[::1]:5173/node_modules/.vite/deps/alpinejs.js?v=415d4dfb:67:27)
    at Function.<anonymous> (http://[::1]:5173/node_modules/.vite/deps/alpinejs.js?v=415d4dfb:3008:3)
    at flushHandlers (http://[::1]:5173/node_modules/.vite/deps/alpinejs.js?v=415d4dfb:587:46) @ http://[::1]:5173/resources/js/app.js:146
[     452ms] ReferenceError: sortAsc is not defined
    at [Alpine] !sortAsc (eval at safeAsyncFunction (http://[::1]:5173/node_modules/.vite/deps/alpinejs.js?v=415d4dfb:477:19), <anonymous>:3:33)
    at http://[::1]:5173/node_modules/.vite/deps/alpinejs.js?v=415d4dfb:502:21
    at tryCatch (http://[::1]:5173/node_modules/.vite/deps/alpinejs.js?v=415d4dfb:416:12)
    at http://[::1]:5173/node_modules/.vite/deps/alpinejs.js?v=415d4dfb:3008:17
    at reactiveEffect (http://[::1]:5173/node_modules/.vite/deps/alpinejs.js?v=415d4dfb:1746:16)
    at Object.effect2 [as effect] (http://[::1]:5173/node_modules/.vite/deps/alpinejs.js?v=415d4dfb:1721:5)
    at effect (http://[::1]:5173/node_modules/.vite/deps/alpinejs.js?v=415d4dfb:51:33)
    at wrappedEffect (http://[::1]:5173/node_modules/.vite/deps/alpinejs.js?v=415d4dfb:67:27)
    at Function.<anonymous> (http://[::1]:5173/node_modules/.vite/deps/alpinejs.js?v=415d4dfb:3008:3)
    at flushHandlers (http://[::1]:5173/node_modules/.vite/deps/alpinejs.js?v=415d4dfb:587:46)
[     451ms] [ERROR] [sopas] error global: ReferenceError: sortAsc is not defined
    at [Alpine] sortAsc (eval at safeAsyncFunction (http://[::1]:5173/node_modules/.vite/deps/alpinejs.js?v=415d4dfb:477:19), <anonymous>:3:32)
    at http://[::1]:5173/node_modules/.vite/deps/alpinejs.js?v=415d4dfb:502:21
    at tryCatch (http://[::1]:5173/node_modules/.vite/deps/alpinejs.js?v=415d4dfb:416:12)
    at http://[::1]:5173/node_modules/.vite/deps/alpinejs.js?v=415d4dfb:3008:17
    at reactiveEffect (http://[::1]:5173/node_modules/.vite/deps/alpinejs.js?v=415d4dfb:1746:16)
    at Object.effect2 [as effect] (http://[::1]:5173/node_modules/.vite/deps/alpinejs.js?v=415d4dfb:1721:5)
    at effect (http://[::1]:5173/node_modules/.vite/deps/alpinejs.js?v=415d4dfb:51:33)
    at wrappedEffect (http://[::1]:5173/node_modules/.vite/deps/alpinejs.js?v=415d4dfb:67:27)
    at Function.<anonymous> (http://[::1]:5173/node_modules/.vite/deps/alpinejs.js?v=415d4dfb:3008:3)
    at flushHandlers (http://[::1]:5173/node_modules/.vite/deps/alpinejs.js?v=415d4dfb:587:46) @ http://[::1]:5173/resources/js/app.js:146
[     452ms] ReferenceError: sortAsc is not defined
    at [Alpine] sortAsc (eval at safeAsyncFunction (http://[::1]:5173/node_modules/.vite/deps/alpinejs.js?v=415d4dfb:477:19), <anonymous>:3:32)
    at http://[::1]:5173/node_modules/.vite/deps/alpinejs.js?v=415d4dfb:502:21
    at tryCatch (http://[::1]:5173/node_modules/.vite/deps/alpinejs.js?v=415d4dfb:416:12)
    at http://[::1]:5173/node_modules/.vite/deps/alpinejs.js?v=415d4dfb:3008:17
    at reactiveEffect (http://[::1]:5173/node_modules/.vite/deps/alpinejs.js?v=415d4dfb:1746:16)
    at Object.effect2 [as effect] (http://[::1]:5173/node_modules/.vite/deps/alpinejs.js?v=415d4dfb:1721:5)
    at effect (http://[::1]:5173/node_modules/.vite/deps/alpinejs.js?v=415d4dfb:51:33)
    at wrappedEffect (http://[::1]:5173/node_modules/.vite/deps/alpinejs.js?v=415d4dfb:67:27)
    at Function.<anonymous> (http://[::1]:5173/node_modules/.vite/deps/alpinejs.js?v=415d4dfb:3008:3)
    at flushHandlers (http://[::1]:5173/node_modules/.vite/deps/alpinejs.js?v=415d4dfb:587:46)
[     451ms] [ERROR] [sopas] error global: ReferenceError: sortAsc is not defined
    at [Alpine] !sortAsc (eval at safeAsyncFunction (http://[::1]:5173/node_modules/.vite/deps/alpinejs.js?v=415d4dfb:477:19), <anonymous>:3:33)
    at http://[::1]:5173/node_modules/.vite/deps/alpinejs.js?v=415d4dfb:502:21
    at tryCatch (http://[::1]:5173/node_modules/.vite/deps/alpinejs.js?v=415d4dfb:416:12)
    at http://[::1]:5173/node_modules/.vite/deps/alpinejs.js?v=415d4dfb:3008:17
    at reactiveEffect (http://[::1]:5173/node_modules/.vite/deps/alpinejs.js?v=415d4dfb:1746:16)
    at Object.effect2 [as effect] (http://[::1]:5173/node_modules/.vite/deps/alpinejs.js?v=415d4dfb:1721:5)
    at effect (http://[::1]:5173/node_modules/.vite/deps/alpinejs.js?v=415d4dfb:51:33)
    at wrappedEffect (http://[::1]:5173/node_modules/.vite/deps/alpinejs.js?v=415d4dfb:67:27)
    at Function.<anonymous> (http://[::1]:5173/node_modules/.vite/deps/alpinejs.js?v=415d4dfb:3008:3)
    at flushHandlers (http://[::1]:5173/node_modules/.vite/deps/alpinejs.js?v=415d4dfb:587:46) @ http://[::1]:5173/resources/js/app.js:146
[     452ms] ReferenceError: sortAsc is not defined
    at [Alpine] !sortAsc (eval at safeAsyncFunction (http://[::1]:5173/node_modules/.vite/deps/alpinejs.js?v=415d4dfb:477:19), <anonymous>:3:33)
    at http://[::1]:5173/node_modules/.vite/deps/alpinejs.js?v=415d4dfb:502:21
    at tryCatch (http://[::1]:5173/node_modules/.vite/deps/alpinejs.js?v=415d4dfb:416:12)
    at http://[::1]:5173/node_modules/.vite/deps/alpinejs.js?v=415d4dfb:3008:17
    at reactiveEffect (http://[::1]:5173/node_modules/.vite/deps/alpinejs.js?v=415d4dfb:1746:16)
    at Object.effect2 [as effect] (http://[::1]:5173/node_modules/.vite/deps/alpinejs.js?v=415d4dfb:1721:5)
    at effect (http://[::1]:5173/node_modules/.vite/deps/alpinejs.js?v=415d4dfb:51:33)
    at wrappedEffect (http://[::1]:5173/node_modules/.vite/deps/alpinejs.js?v=415d4dfb:67:27)
    at Function.<anonymous> (http://[::1]:5173/node_modules/.vite/deps/alpinejs.js?v=415d4dfb:3008:3)
    at flushHandlers (http://[::1]:5173/node_modules/.vite/deps/alpinejs.js?v=415d4dfb:587:46)
[  163955ms] [WARNING] Alpine Expression Error: Invalid or unexpected token

Expression: "{
            ventas: @js($ventasData),
            csrf: 'QCTnic32KmOJX22PB1kYUcd20AZ3rGd8HUFBvmeW',
            open: null,
            sortKey: 'ts', sortAsc: false,
            page: 1, perPage: 25,
            sort(k) { this.sortKey === k ? (this.sortAsc = !this.sortAsc) : (this.sortKey = k, this.sortAsc = true); this.page = 1; },
            get sorted() {
                const k = this.sortKey, dir = this.sortAsc ? 1 : -1;
                return [...this.ventas].sort((a, b) => {
                    const x = a[k], y = b[k];
                    return (typeof x === 'number' && typeof y === 'number')
                        ? (x - y) * dir
                        : String(x).localeCompare(String(y), 'es', { numeric: true }) * dir;
                });
            },
            get effPerPage() { return this.perPage === 0 ? Math.max(this.sorted.length, 1) : this.perPage; },
            get pages() { return Math.max(1, Math.ceil(this.sorted.length / this.effPerPage)); },
            get pageRows() { const s = (this.page - 1) * this.effPerPage; return this.sorted.slice(s, s + this.effPerPage); },
            fmt(n) { return new Intl.NumberFormat('es-CO').format(n); },
            confirmDelete(e) { if (!confirm('¿Eliminar esta venta?')) e.preventDefault(); },
        }"

 JSHandle@node @ http://[::1]:5173/node_modules/.vite/deps/alpinejs.js?v=415d4dfb:425
[  163956ms] [WARNING] Alpine Expression Error: ventas is not defined

Expression: "`(${ventas.length})`"

 JSHandle@node @ http://[::1]:5173/node_modules/.vite/deps/alpinejs.js?v=415d4dfb:425
[  163956ms] [WARNING] Alpine Expression Error: sortKey is not defined

Expression: "sortKey === 'ts'"

 JSHandle@node @ http://[::1]:5173/node_modules/.vite/deps/alpinejs.js?v=415d4dfb:425
[  163956ms] [WARNING] Alpine Expression Error: sortAsc is not defined

Expression: "sortAsc"

 JSHandle@node @ http://[::1]:5173/node_modules/.vite/deps/alpinejs.js?v=415d4dfb:425
[  163956ms] [WARNING] Alpine Expression Error: sortAsc is not defined

Expression: "!sortAsc"

 JSHandle@node @ http://[::1]:5173/node_modules/.vite/deps/alpinejs.js?v=415d4dfb:425
[  163956ms] [WARNING] Alpine Expression Error: sortKey is not defined

Expression: "sortKey === 'cajero'"

 JSHandle@node @ http://[::1]:5173/node_modules/.vite/deps/alpinejs.js?v=415d4dfb:425
[  163956ms] [WARNING] Alpine Expression Error: sortAsc is not defined

Expression: "sortAsc"

 JSHandle@node @ http://[::1]:5173/node_modules/.vite/deps/alpinejs.js?v=415d4dfb:425
[  163957ms] [WARNING] Alpine Expression Error: sortAsc is not defined

Expression: "!sortAsc"

 JSHandle@node @ http://[::1]:5173/node_modules/.vite/deps/alpinejs.js?v=415d4dfb:425
[  163957ms] [WARNING] Alpine Expression Error: sortKey is not defined

Expression: "sortKey === 'items_count'"

 JSHandle@node @ http://[::1]:5173/node_modules/.vite/deps/alpinejs.js?v=415d4dfb:425
[  163957ms] [WARNING] Alpine Expression Error: sortAsc is not defined

Expression: "sortAsc"

 JSHandle@node @ http://[::1]:5173/node_modules/.vite/deps/alpinejs.js?v=415d4dfb:425
[  163957ms] [WARNING] Alpine Expression Error: sortAsc is not defined

Expression: "!sortAsc"

 JSHandle@node @ http://[::1]:5173/node_modules/.vite/deps/alpinejs.js?v=415d4dfb:425
[  163957ms] [WARNING] Alpine Expression Error: sortKey is not defined

Expression: "sortKey === 'total'"

 JSHandle@node @ http://[::1]:5173/node_modules/.vite/deps/alpinejs.js?v=415d4dfb:425
[  163957ms] [WARNING] Alpine Expression Error: sortAsc is not defined

Expression: "sortAsc"

 JSHandle@node @ http://[::1]:5173/node_modules/.vite/deps/alpinejs.js?v=415d4dfb:425
[  163957ms] [WARNING] Alpine Expression Error: sortAsc is not defined

Expression: "!sortAsc"

 JSHandle@node @ http://[::1]:5173/node_modules/.vite/deps/alpinejs.js?v=415d4dfb:425
[  163957ms] [WARNING] Alpine Expression Error: sortKey is not defined

Expression: "sortKey === 'cambio'"

 JSHandle@node @ http://[::1]:5173/node_modules/.vite/deps/alpinejs.js?v=415d4dfb:425
[  163957ms] [WARNING] Alpine Expression Error: sortAsc is not defined

Expression: "sortAsc"

 JSHandle@node @ http://[::1]:5173/node_modules/.vite/deps/alpinejs.js?v=415d4dfb:425
[  163957ms] [WARNING] Alpine Expression Error: sortAsc is not defined

Expression: "!sortAsc"

 JSHandle@node @ http://[::1]:5173/node_modules/.vite/deps/alpinejs.js?v=415d4dfb:425
[  163957ms] [WARNING] Alpine Expression Error: pageRows is not defined

Expression: "pageRows"

 JSHandle@node @ http://[::1]:5173/node_modules/.vite/deps/alpinejs.js?v=415d4dfb:425
[  163957ms] [WARNING] Alpine Expression Error: ventas is not defined

Expression: "ventas.length === 0"

 JSHandle@node @ http://[::1]:5173/node_modules/.vite/deps/alpinejs.js?v=415d4dfb:425
[  163957ms] [WARNING] Alpine Expression Error: ventas is not defined

Expression: "ventas.length > 0"

 JSHandle@node @ http://[::1]:5173/node_modules/.vite/deps/alpinejs.js?v=415d4dfb:425
[  163957ms] [WARNING] Alpine Expression Error: perPage is not defined

Expression: "perPage"

 JSHandle@node @ http://[::1]:5173/node_modules/.vite/deps/alpinejs.js?v=415d4dfb:425
[  163957ms] [WARNING] Alpine Expression Error: page is not defined

Expression: "`Página ${page} de ${pages}`"

 JSHandle@node @ http://[::1]:5173/node_modules/.vite/deps/alpinejs.js?v=415d4dfb:425
[  163957ms] [WARNING] Alpine Expression Error: page is not defined

Expression: "page === 1"

 JSHandle@node @ http://[::1]:5173/node_modules/.vite/deps/alpinejs.js?v=415d4dfb:425
[  163957ms] [WARNING] Alpine Expression Error: page is not defined

Expression: "page === pages"

 JSHandle@node @ http://[::1]:5173/node_modules/.vite/deps/alpinejs.js?v=415d4dfb:425
[  163970ms] [WARNING] Alpine Expression Error: sortAsc is not defined

Expression: "sortAsc"

 JSHandle@node @ http://[::1]:5173/node_modules/.vite/deps/alpinejs.js?v=415d4dfb:425
[  163970ms] [WARNING] Alpine Expression Error: sortAsc is not defined

Expression: "!sortAsc"

 JSHandle@node @ http://[::1]:5173/node_modules/.vite/deps/alpinejs.js?v=415d4dfb:425
[  163970ms] [WARNING] Alpine Expression Error: sortAsc is not defined

Expression: "sortAsc"

 JSHandle@node @ http://[::1]:5173/node_modules/.vite/deps/alpinejs.js?v=415d4dfb:425
[  163970ms] [WARNING] Alpine Expression Error: sortAsc is not defined

Expression: "!sortAsc"

 JSHandle@node @ http://[::1]:5173/node_modules/.vite/deps/alpinejs.js?v=415d4dfb:425
[  163970ms] [WARNING] Alpine Expression Error: sortAsc is not defined

Expression: "sortAsc"

 JSHandle@node @ http://[::1]:5173/node_modules/.vite/deps/alpinejs.js?v=415d4dfb:425
[  163970ms] [WARNING] Alpine Expression Error: sortAsc is not defined

Expression: "!sortAsc"

 JSHandle@node @ http://[::1]:5173/node_modules/.vite/deps/alpinejs.js?v=415d4dfb:425
[  163970ms] [WARNING] Alpine Expression Error: sortAsc is not defined

Expression: "sortAsc"

 JSHandle@node @ http://[::1]:5173/node_modules/.vite/deps/alpinejs.js?v=415d4dfb:425
[  163970ms] [WARNING] Alpine Expression Error: sortAsc is not defined

Expression: "!sortAsc"

 JSHandle@node @ http://[::1]:5173/node_modules/.vite/deps/alpinejs.js?v=415d4dfb:425
[  163970ms] [WARNING] Alpine Expression Error: sortAsc is not defined

Expression: "sortAsc"

 JSHandle@node @ http://[::1]:5173/node_modules/.vite/deps/alpinejs.js?v=415d4dfb:425
[  163970ms] [WARNING] Alpine Expression Error: sortAsc is not defined

Expression: "!sortAsc"

 JSHandle@node @ http://[::1]:5173/node_modules/.vite/deps/alpinejs.js?v=415d4dfb:425
[  163983ms] [ERROR] [sopas] error global: SyntaxError: Invalid or unexpected token
    at new AsyncFunction (<anonymous>)
    at safeAsyncFunction (http://[::1]:5173/node_modules/.vite/deps/alpinejs.js?v=415d4dfb:477:19)
    at generateFunctionFromString (http://[::1]:5173/node_modules/.vite/deps/alpinejs.js?v=415d4dfb:490:14)
    at generateEvaluatorFromString (http://[::1]:5173/node_modules/.vite/deps/alpinejs.js?v=415d4dfb:495:14)
    at normalEvaluator (http://[::1]:5173/node_modules/.vite/deps/alpinejs.js?v=415d4dfb:457:109)
    at evaluateLater (http://[::1]:5173/node_modules/.vite/deps/alpinejs.js?v=415d4dfb:447:10)
    at evaluate (http://[::1]:5173/node_modules/.vite/deps/alpinejs.js?v=415d4dfb:443:3)
    at Function.<anonymous> (http://[::1]:5173/node_modules/.vite/deps/alpinejs.js?v=415d4dfb:2943:15)
    at flushHandlers (http://[::1]:5173/node_modules/.vite/deps/alpinejs.js?v=415d4dfb:587:46)
    at stopDeferring (http://[::1]:5173/node_modules/.vite/deps/alpinejs.js?v=415d4dfb:592:5) @ http://[::1]:5173/resources/js/app.js:146
[  163983ms] SyntaxError: Invalid or unexpected token
    at new AsyncFunction (<anonymous>)
    at safeAsyncFunction (http://[::1]:5173/node_modules/.vite/deps/alpinejs.js?v=415d4dfb:477:19)
    at generateFunctionFromString (http://[::1]:5173/node_modules/.vite/deps/alpinejs.js?v=415d4dfb:490:14)
    at generateEvaluatorFromString (http://[::1]:5173/node_modules/.vite/deps/alpinejs.js?v=415d4dfb:495:14)
    at normalEvaluator (http://[::1]:5173/node_modules/.vite/deps/alpinejs.js?v=415d4dfb:457:109)
    at evaluateLater (http://[::1]:5173/node_modules/.vite/deps/alpinejs.js?v=415d4dfb:447:10)
    at evaluate (http://[::1]:5173/node_modules/.vite/deps/alpinejs.js?v=415d4dfb:443:3)
    at Function.<anonymous> (http://[::1]:5173/node_modules/.vite/deps/alpinejs.js?v=415d4dfb:2943:15)
    at flushHandlers (http://[::1]:5173/node_modules/.vite/deps/alpinejs.js?v=415d4dfb:587:46)
    at stopDeferring (http://[::1]:5173/node_modules/.vite/deps/alpinejs.js?v=415d4dfb:592:5)
[  163983ms] [ERROR] [sopas] error global: ReferenceError: ventas is not defined
    at [Alpine] `(${ventas.length})` (eval at safeAsyncFunction (http://[::1]:5173/node_modules/.vite/deps/alpinejs.js?v=415d4dfb:477:19), <anonymous>:3:36)
    at http://[::1]:5173/node_modules/.vite/deps/alpinejs.js?v=415d4dfb:502:21
    at tryCatch (http://[::1]:5173/node_modules/.vite/deps/alpinejs.js?v=415d4dfb:416:12)
    at http://[::1]:5173/node_modules/.vite/deps/alpinejs.js?v=415d4dfb:2875:5
    at reactiveEffect (http://[::1]:5173/node_modules/.vite/deps/alpinejs.js?v=415d4dfb:1746:16)
    at Object.effect2 [as effect] (http://[::1]:5173/node_modules/.vite/deps/alpinejs.js?v=415d4dfb:1721:5)
    at effect (http://[::1]:5173/node_modules/.vite/deps/alpinejs.js?v=415d4dfb:51:33)
    at wrappedEffect (http://[::1]:5173/node_modules/.vite/deps/alpinejs.js?v=415d4dfb:67:27)
    at Function.<anonymous> (http://[::1]:5173/node_modules/.vite/deps/alpinejs.js?v=415d4dfb:2874:3)
    at flushHandlers (http://[::1]:5173/node_modules/.vite/deps/alpinejs.js?v=415d4dfb:587:46) @ http://[::1]:5173/resources/js/app.js:146
[  163983ms] ReferenceError: ventas is not defined
    at [Alpine] `(${ventas.length})` (eval at safeAsyncFunction (http://[::1]:5173/node_modules/.vite/deps/alpinejs.js?v=415d4dfb:477:19), <anonymous>:3:36)
    at http://[::1]:5173/node_modules/.vite/deps/alpinejs.js?v=415d4dfb:502:21
    at tryCatch (http://[::1]:5173/node_modules/.vite/deps/alpinejs.js?v=415d4dfb:416:12)
    at http://[::1]:5173/node_modules/.vite/deps/alpinejs.js?v=415d4dfb:2875:5
    at reactiveEffect (http://[::1]:5173/node_modules/.vite/deps/alpinejs.js?v=415d4dfb:1746:16)
    at Object.effect2 [as effect] (http://[::1]:5173/node_modules/.vite/deps/alpinejs.js?v=415d4dfb:1721:5)
    at effect (http://[::1]:5173/node_modules/.vite/deps/alpinejs.js?v=415d4dfb:51:33)
    at wrappedEffect (http://[::1]:5173/node_modules/.vite/deps/alpinejs.js?v=415d4dfb:67:27)
    at Function.<anonymous> (http://[::1]:5173/node_modules/.vite/deps/alpinejs.js?v=415d4dfb:2874:3)
    at flushHandlers (http://[::1]:5173/node_modules/.vite/deps/alpinejs.js?v=415d4dfb:587:46)
[  163984ms] [ERROR] [sopas] error global: ReferenceError: sortKey is not defined
    at [Alpine] sortKey === 'ts' (eval at safeAsyncFunction (http://[::1]:5173/node_modules/.vite/deps/alpinejs.js?v=415d4dfb:477:19), <anonymous>:3:32)
    at http://[::1]:5173/node_modules/.vite/deps/alpinejs.js?v=415d4dfb:502:21
    at tryCatch (http://[::1]:5173/node_modules/.vite/deps/alpinejs.js?v=415d4dfb:416:12)
    at http://[::1]:5173/node_modules/.vite/deps/alpinejs.js?v=415d4dfb:3008:17
    at reactiveEffect (http://[::1]:5173/node_modules/.vite/deps/alpinejs.js?v=415d4dfb:1746:16)
    at Object.effect2 [as effect] (http://[::1]:5173/node_modules/.vite/deps/alpinejs.js?v=415d4dfb:1721:5)
    at effect (http://[::1]:5173/node_modules/.vite/deps/alpinejs.js?v=415d4dfb:51:33)
    at wrappedEffect (http://[::1]:5173/node_modules/.vite/deps/alpinejs.js?v=415d4dfb:67:27)
    at Function.<anonymous> (http://[::1]:5173/node_modules/.vite/deps/alpinejs.js?v=415d4dfb:3008:3)
    at flushHandlers (http://[::1]:5173/node_modules/.vite/deps/alpinejs.js?v=415d4dfb:587:46) @ http://[::1]:5173/resources/js/app.js:146
[  163984ms] ReferenceError: sortKey is not defined
    at [Alpine] sortKey === 'ts' (eval at safeAsyncFunction (http://[::1]:5173/node_modules/.vite/deps/alpinejs.js?v=415d4dfb:477:19), <anonymous>:3:32)
    at http://[::1]:5173/node_modules/.vite/deps/alpinejs.js?v=415d4dfb:502:21
    at tryCatch (http://[::1]:5173/node_modules/.vite/deps/alpinejs.js?v=415d4dfb:416:12)
    at http://[::1]:5173/node_modules/.vite/deps/alpinejs.js?v=415d4dfb:3008:17
    at reactiveEffect (http://[::1]:5173/node_modules/.vite/deps/alpinejs.js?v=415d4dfb:1746:16)
    at Object.effect2 [as effect] (http://[::1]:5173/node_modules/.vite/deps/alpinejs.js?v=415d4dfb:1721:5)
    at effect (http://[::1]:5173/node_modules/.vite/deps/alpinejs.js?v=415d4dfb:51:33)
    at wrappedEffect (http://[::1]:5173/node_modules/.vite/deps/alpinejs.js?v=415d4dfb:67:27)
    at Function.<anonymous> (http://[::1]:5173/node_modules/.vite/deps/alpinejs.js?v=415d4dfb:3008:3)
    at flushHandlers (http://[::1]:5173/node_modules/.vite/deps/alpinejs.js?v=415d4dfb:587:46)
[  163984ms] [ERROR] [sopas] error global: ReferenceError: sortAsc is not defined
    at [Alpine] sortAsc (eval at safeAsyncFunction (http://[::1]:5173/node_modules/.vite/deps/alpinejs.js?v=415d4dfb:477:19), <anonymous>:3:32)
    at http://[::1]:5173/node_modules/.vite/deps/alpinejs.js?v=415d4dfb:502:21
    at tryCatch (http://[::1]:5173/node_modules/.vite/deps/alpinejs.js?v=415d4dfb:416:12)
    at http://[::1]:5173/node_modules/.vite/deps/alpinejs.js?v=415d4dfb:3008:17
    at reactiveEffect (http://[::1]:5173/node_modules/.vite/deps/alpinejs.js?v=415d4dfb:1746:16)
    at Object.effect2 [as effect] (http://[::1]:5173/node_modules/.vite/deps/alpinejs.js?v=415d4dfb:1721:5)
    at effect (http://[::1]:5173/node_modules/.vite/deps/alpinejs.js?v=415d4dfb:51:33)
    at wrappedEffect (http://[::1]:5173/node_modules/.vite/deps/alpinejs.js?v=415d4dfb:67:27)
    at Function.<anonymous> (http://[::1]:5173/node_modules/.vite/deps/alpinejs.js?v=415d4dfb:3008:3)
    at flushHandlers (http://[::1]:5173/node_modules/.vite/deps/alpinejs.js?v=415d4dfb:587:46) @ http://[::1]:5173/resources/js/app.js:146
[  163985ms] ReferenceError: sortAsc is not defined
    at [Alpine] sortAsc (eval at safeAsyncFunction (http://[::1]:5173/node_modules/.vite/deps/alpinejs.js?v=415d4dfb:477:19), <anonymous>:3:32)
    at http://[::1]:5173/node_modules/.vite/deps/alpinejs.js?v=415d4dfb:502:21
    at tryCatch (http://[::1]:5173/node_modules/.vite/deps/alpinejs.js?v=415d4dfb:416:12)
    at http://[::1]:5173/node_modules/.vite/deps/alpinejs.js?v=415d4dfb:3008:17
    at reactiveEffect (http://[::1]:5173/node_modules/.vite/deps/alpinejs.js?v=415d4dfb:1746:16)
    at Object.effect2 [as effect] (http://[::1]:5173/node_modules/.vite/deps/alpinejs.js?v=415d4dfb:1721:5)
    at effect (http://[::1]:5173/node_modules/.vite/deps/alpinejs.js?v=415d4dfb:51:33)
    at wrappedEffect (http://[::1]:5173/node_modules/.vite/deps/alpinejs.js?v=415d4dfb:67:27)
    at Function.<anonymous> (http://[::1]:5173/node_modules/.vite/deps/alpinejs.js?v=415d4dfb:3008:3)
    at flushHandlers (http://[::1]:5173/node_modules/.vite/deps/alpinejs.js?v=415d4dfb:587:46)
[  163984ms] [ERROR] [sopas] error global: ReferenceError: sortAsc is not defined
    at [Alpine] !sortAsc (eval at safeAsyncFunction (http://[::1]:5173/node_modules/.vite/deps/alpinejs.js?v=415d4dfb:477:19), <anonymous>:3:33)
    at http://[::1]:5173/node_modules/.vite/deps/alpinejs.js?v=415d4dfb:502:21
    at tryCatch (http://[::1]:5173/node_modules/.vite/deps/alpinejs.js?v=415d4dfb:416:12)
    at http://[::1]:5173/node_modules/.vite/deps/alpinejs.js?v=415d4dfb:3008:17
    at reactiveEffect (http://[::1]:5173/node_modules/.vite/deps/alpinejs.js?v=415d4dfb:1746:16)
    at Object.effect2 [as effect] (http://[::1]:5173/node_modules/.vite/deps/alpinejs.js?v=415d4dfb:1721:5)
    at effect (http://[::1]:5173/node_modules/.vite/deps/alpinejs.js?v=415d4dfb:51:33)
    at wrappedEffect (http://[::1]:5173/node_modules/.vite/deps/alpinejs.js?v=415d4dfb:67:27)
    at Function.<anonymous> (http://[::1]:5173/node_modules/.vite/deps/alpinejs.js?v=415d4dfb:3008:3)
    at flushHandlers (http://[::1]:5173/node_modules/.vite/deps/alpinejs.js?v=415d4dfb:587:46) @ http://[::1]:5173/resources/js/app.js:146
[  163986ms] ReferenceError: sortAsc is not defined
    at [Alpine] !sortAsc (eval at safeAsyncFunction (http://[::1]:5173/node_modules/.vite/deps/alpinejs.js?v=415d4dfb:477:19), <anonymous>:3:33)
    at http://[::1]:5173/node_modules/.vite/deps/alpinejs.js?v=415d4dfb:502:21
    at tryCatch (http://[::1]:5173/node_modules/.vite/deps/alpinejs.js?v=415d4dfb:416:12)
    at http://[::1]:5173/node_modules/.vite/deps/alpinejs.js?v=415d4dfb:3008:17
    at reactiveEffect (http://[::1]:5173/node_modules/.vite/deps/alpinejs.js?v=415d4dfb:1746:16)
    at Object.effect2 [as effect] (http://[::1]:5173/node_modules/.vite/deps/alpinejs.js?v=415d4dfb:1721:5)
    at effect (http://[::1]:5173/node_modules/.vite/deps/alpinejs.js?v=415d4dfb:51:33)
    at wrappedEffect (http://[::1]:5173/node_modules/.vite/deps/alpinejs.js?v=415d4dfb:67:27)
    at Function.<anonymous> (http://[::1]:5173/node_modules/.vite/deps/alpinejs.js?v=415d4dfb:3008:3)
    at flushHandlers (http://[::1]:5173/node_modules/.vite/deps/alpinejs.js?v=415d4dfb:587:46)
[  163985ms] [ERROR] [sopas] error global: ReferenceError: sortKey is not defined
    at [Alpine] sortKey === 'cajero' (eval at safeAsyncFunction (http://[::1]:5173/node_modules/.vite/deps/alpinejs.js?v=415d4dfb:477:19), <anonymous>:3:32)
    at http://[::1]:5173/node_modules/.vite/deps/alpinejs.js?v=415d4dfb:502:21
    at tryCatch (http://[::1]:5173/node_modules/.vite/deps/alpinejs.js?v=415d4dfb:416:12)
    at http://[::1]:5173/node_modules/.vite/deps/alpinejs.js?v=415d4dfb:3008:17
    at reactiveEffect (http://[::1]:5173/node_modules/.vite/deps/alpinejs.js?v=415d4dfb:1746:16)
    at Object.effect2 [as effect] (http://[::1]:5173/node_modules/.vite/deps/alpinejs.js?v=415d4dfb:1721:5)
    at effect (http://[::1]:5173/node_modules/.vite/deps/alpinejs.js?v=415d4dfb:51:33)
    at wrappedEffect (http://[::1]:5173/node_modules/.vite/deps/alpinejs.js?v=415d4dfb:67:27)
    at Function.<anonymous> (http://[::1]:5173/node_modules/.vite/deps/alpinejs.js?v=415d4dfb:3008:3)
    at flushHandlers (http://[::1]:5173/node_modules/.vite/deps/alpinejs.js?v=415d4dfb:587:46) @ http://[::1]:5173/resources/js/app.js:146
[  163986ms] ReferenceError: sortKey is not defined
    at [Alpine] sortKey === 'cajero' (eval at safeAsyncFunction (http://[::1]:5173/node_modules/.vite/deps/alpinejs.js?v=415d4dfb:477:19), <anonymous>:3:32)
    at http://[::1]:5173/node_modules/.vite/deps/alpinejs.js?v=415d4dfb:502:21
    at tryCatch (http://[::1]:5173/node_modules/.vite/deps/alpinejs.js?v=415d4dfb:416:12)
    at http://[::1]:5173/node_modules/.vite/deps/alpinejs.js?v=415d4dfb:3008:17
    at reactiveEffect (http://[::1]:5173/node_modules/.vite/deps/alpinejs.js?v=415d4dfb:1746:16)
    at Object.effect2 [as effect] (http://[::1]:5173/node_modules/.vite/deps/alpinejs.js?v=415d4dfb:1721:5)
    at effect (http://[::1]:5173/node_modules/.vite/deps/alpinejs.js?v=415d4dfb:51:33)
    at wrappedEffect (http://[::1]:5173/node_modules/.vite/deps/alpinejs.js?v=415d4dfb:67:27)
    at Function.<anonymous> (http://[::1]:5173/node_modules/.vite/deps/alpinejs.js?v=415d4dfb:3008:3)
    at flushHandlers (http://[::1]:5173/node_modules/.vite/deps/alpinejs.js?v=415d4dfb:587:46)
[  163985ms] [ERROR] [sopas] error global: ReferenceError: sortAsc is not defined
    at [Alpine] sortAsc (eval at safeAsyncFunction (http://[::1]:5173/node_modules/.vite/deps/alpinejs.js?v=415d4dfb:477:19), <anonymous>:3:32)
    at http://[::1]:5173/node_modules/.vite/deps/alpinejs.js?v=415d4dfb:502:21
    at tryCatch (http://[::1]:5173/node_modules/.vite/deps/alpinejs.js?v=415d4dfb:416:12)
    at http://[::1]:5173/node_modules/.vite/deps/alpinejs.js?v=415d4dfb:3008:17
    at reactiveEffect (http://[::1]:5173/node_modules/.vite/deps/alpinejs.js?v=415d4dfb:1746:16)
    at Object.effect2 [as effect] (http://[::1]:5173/node_modules/.vite/deps/alpinejs.js?v=415d4dfb:1721:5)
    at effect (http://[::1]:5173/node_modules/.vite/deps/alpinejs.js?v=415d4dfb:51:33)
    at wrappedEffect (http://[::1]:5173/node_modules/.vite/deps/alpinejs.js?v=415d4dfb:67:27)
    at Function.<anonymous> (http://[::1]:5173/node_modules/.vite/deps/alpinejs.js?v=415d4dfb:3008:3)
    at flushHandlers (http://[::1]:5173/node_modules/.vite/deps/alpinejs.js?v=415d4dfb:587:46) @ http://[::1]:5173/resources/js/app.js:146
[  163986ms] ReferenceError: sortAsc is not defined
    at [Alpine] sortAsc (eval at safeAsyncFunction (http://[::1]:5173/node_modules/.vite/deps/alpinejs.js?v=415d4dfb:477:19), <anonymous>:3:32)
    at http://[::1]:5173/node_modules/.vite/deps/alpinejs.js?v=415d4dfb:502:21
    at tryCatch (http://[::1]:5173/node_modules/.vite/deps/alpinejs.js?v=415d4dfb:416:12)
    at http://[::1]:5173/node_modules/.vite/deps/alpinejs.js?v=415d4dfb:3008:17
    at reactiveEffect (http://[::1]:5173/node_modules/.vite/deps/alpinejs.js?v=415d4dfb:1746:16)
    at Object.effect2 [as effect] (http://[::1]:5173/node_modules/.vite/deps/alpinejs.js?v=415d4dfb:1721:5)
    at effect (http://[::1]:5173/node_modules/.vite/deps/alpinejs.js?v=415d4dfb:51:33)
    at wrappedEffect (http://[::1]:5173/node_modules/.vite/deps/alpinejs.js?v=415d4dfb:67:27)
    at Function.<anonymous> (http://[::1]:5173/node_modules/.vite/deps/alpinejs.js?v=415d4dfb:3008:3)
    at flushHandlers (http://[::1]:5173/node_modules/.vite/deps/alpinejs.js?v=415d4dfb:587:46)
[  163985ms] [ERROR] [sopas] error global: ReferenceError: sortAsc is not defined
    at [Alpine] !sortAsc (eval at safeAsyncFunction (http://[::1]:5173/node_modules/.vite/deps/alpinejs.js?v=415d4dfb:477:19), <anonymous>:3:33)
    at http://[::1]:5173/node_modules/.vite/deps/alpinejs.js?v=415d4dfb:502:21
    at tryCatch (http://[::1]:5173/node_modules/.vite/deps/alpinejs.js?v=415d4dfb:416:12)
    at http://[::1]:5173/node_modules/.vite/deps/alpinejs.js?v=415d4dfb:3008:17
    at reactiveEffect (http://[::1]:5173/node_modules/.vite/deps/alpinejs.js?v=415d4dfb:1746:16)
    at Object.effect2 [as effect] (http://[::1]:5173/node_modules/.vite/deps/alpinejs.js?v=415d4dfb:1721:5)
    at effect (http://[::1]:5173/node_modules/.vite/deps/alpinejs.js?v=415d4dfb:51:33)
    at wrappedEffect (http://[::1]:5173/node_modules/.vite/deps/alpinejs.js?v=415d4dfb:67:27)
    at Function.<anonymous> (http://[::1]:5173/node_modules/.vite/deps/alpinejs.js?v=415d4dfb:3008:3)
    at flushHandlers (http://[::1]:5173/node_modules/.vite/deps/alpinejs.js?v=415d4dfb:587:46) @ http://[::1]:5173/resources/js/app.js:146
[  163986ms] ReferenceError: sortAsc is not defined
    at [Alpine] !sortAsc (eval at safeAsyncFunction (http://[::1]:5173/node_modules/.vite/deps/alpinejs.js?v=415d4dfb:477:19), <anonymous>:3:33)
    at http://[::1]:5173/node_modules/.vite/deps/alpinejs.js?v=415d4dfb:502:21
    at tryCatch (http://[::1]:5173/node_modules/.vite/deps/alpinejs.js?v=415d4dfb:416:12)
    at http://[::1]:5173/node_modules/.vite/deps/alpinejs.js?v=415d4dfb:3008:17
    at reactiveEffect (http://[::1]:5173/node_modules/.vite/deps/alpinejs.js?v=415d4dfb:1746:16)
    at Object.effect2 [as effect] (http://[::1]:5173/node_modules/.vite/deps/alpinejs.js?v=415d4dfb:1721:5)
    at effect (http://[::1]:5173/node_modules/.vite/deps/alpinejs.js?v=415d4dfb:51:33)
    at wrappedEffect (http://[::1]:5173/node_modules/.vite/deps/alpinejs.js?v=415d4dfb:67:27)
    at Function.<anonymous> (http://[::1]:5173/node_modules/.vite/deps/alpinejs.js?v=415d4dfb:3008:3)
    at flushHandlers (http://[::1]:5173/node_modules/.vite/deps/alpinejs.js?v=415d4dfb:587:46)
[  163986ms] [ERROR] [sopas] error global: ReferenceError: sortKey is not defined
    at [Alpine] sortKey === 'items_count' (eval at safeAsyncFunction (http://[::1]:5173/node_modules/.vite/deps/alpinejs.js?v=415d4dfb:477:19), <anonymous>:3:32)
    at http://[::1]:5173/node_modules/.vite/deps/alpinejs.js?v=415d4dfb:502:21
    at tryCatch (http://[::1]:5173/node_modules/.vite/deps/alpinejs.js?v=415d4dfb:416:12)
    at http://[::1]:5173/node_modules/.vite/deps/alpinejs.js?v=415d4dfb:3008:17
    at reactiveEffect (http://[::1]:5173/node_modules/.vite/deps/alpinejs.js?v=415d4dfb:1746:16)
    at Object.effect2 [as effect] (http://[::1]:5173/node_modules/.vite/deps/alpinejs.js?v=415d4dfb:1721:5)
    at effect (http://[::1]:5173/node_modules/.vite/deps/alpinejs.js?v=415d4dfb:51:33)
    at wrappedEffect (http://[::1]:5173/node_modules/.vite/deps/alpinejs.js?v=415d4dfb:67:27)
    at Function.<anonymous> (http://[::1]:5173/node_modules/.vite/deps/alpinejs.js?v=415d4dfb:3008:3)
    at flushHandlers (http://[::1]:5173/node_modules/.vite/deps/alpinejs.js?v=415d4dfb:587:46) @ http://[::1]:5173/resources/js/app.js:146
[  163987ms] ReferenceError: sortKey is not defined
    at [Alpine] sortKey === 'items_count' (eval at safeAsyncFunction (http://[::1]:5173/node_modules/.vite/deps/alpinejs.js?v=415d4dfb:477:19), <anonymous>:3:32)
    at http://[::1]:5173/node_modules/.vite/deps/alpinejs.js?v=415d4dfb:502:21
    at tryCatch (http://[::1]:5173/node_modules/.vite/deps/alpinejs.js?v=415d4dfb:416:12)
    at http://[::1]:5173/node_modules/.vite/deps/alpinejs.js?v=415d4dfb:3008:17
    at reactiveEffect (http://[::1]:5173/node_modules/.vite/deps/alpinejs.js?v=415d4dfb:1746:16)
    at Object.effect2 [as effect] (http://[::1]:5173/node_modules/.vite/deps/alpinejs.js?v=415d4dfb:1721:5)
    at effect (http://[::1]:5173/node_modules/.vite/deps/alpinejs.js?v=415d4dfb:51:33)
    at wrappedEffect (http://[::1]:5173/node_modules/.vite/deps/alpinejs.js?v=415d4dfb:67:27)
    at Function.<anonymous> (http://[::1]:5173/node_modules/.vite/deps/alpinejs.js?v=415d4dfb:3008:3)
    at flushHandlers (http://[::1]:5173/node_modules/.vite/deps/alpinejs.js?v=415d4dfb:587:46)
[  163986ms] [ERROR] [sopas] error global: ReferenceError: sortAsc is not defined
    at [Alpine] sortAsc (eval at safeAsyncFunction (http://[::1]:5173/node_modules/.vite/deps/alpinejs.js?v=415d4dfb:477:19), <anonymous>:3:32)
    at http://[::1]:5173/node_modules/.vite/deps/alpinejs.js?v=415d4dfb:502:21
    at tryCatch (http://[::1]:5173/node_modules/.vite/deps/alpinejs.js?v=415d4dfb:416:12)
    at http://[::1]:5173/node_modules/.vite/deps/alpinejs.js?v=415d4dfb:3008:17
    at reactiveEffect (http://[::1]:5173/node_modules/.vite/deps/alpinejs.js?v=415d4dfb:1746:16)
    at Object.effect2 [as effect] (http://[::1]:5173/node_modules/.vite/deps/alpinejs.js?v=415d4dfb:1721:5)
    at effect (http://[::1]:5173/node_modules/.vite/deps/alpinejs.js?v=415d4dfb:51:33)
    at wrappedEffect (http://[::1]:5173/node_modules/.vite/deps/alpinejs.js?v=415d4dfb:67:27)
    at Function.<anonymous> (http://[::1]:5173/node_modules/.vite/deps/alpinejs.js?v=415d4dfb:3008:3)
    at flushHandlers (http://[::1]:5173/node_modules/.vite/deps/alpinejs.js?v=415d4dfb:587:46) @ http://[::1]:5173/resources/js/app.js:146
[  163988ms] ReferenceError: sortAsc is not defined
    at [Alpine] sortAsc (eval at safeAsyncFunction (http://[::1]:5173/node_modules/.vite/deps/alpinejs.js?v=415d4dfb:477:19), <anonymous>:3:32)
    at http://[::1]:5173/node_modules/.vite/deps/alpinejs.js?v=415d4dfb:502:21
    at tryCatch (http://[::1]:5173/node_modules/.vite/deps/alpinejs.js?v=415d4dfb:416:12)
    at http://[::1]:5173/node_modules/.vite/deps/alpinejs.js?v=415d4dfb:3008:17
    at reactiveEffect (http://[::1]:5173/node_modules/.vite/deps/alpinejs.js?v=415d4dfb:1746:16)
    at Object.effect2 [as effect] (http://[::1]:5173/node_modules/.vite/deps/alpinejs.js?v=415d4dfb:1721:5)
    at effect (http://[::1]:5173/node_modules/.vite/deps/alpinejs.js?v=415d4dfb:51:33)
    at wrappedEffect (http://[::1]:5173/node_modules/.vite/deps/alpinejs.js?v=415d4dfb:67:27)
    at Function.<anonymous> (http://[::1]:5173/node_modules/.vite/deps/alpinejs.js?v=415d4dfb:3008:3)
    at flushHandlers (http://[::1]:5173/node_modules/.vite/deps/alpinejs.js?v=415d4dfb:587:46)
[  163986ms] [ERROR] [sopas] error global: ReferenceError: sortAsc is not defined
    at [Alpine] !sortAsc (eval at safeAsyncFunction (http://[::1]:5173/node_modules/.vite/deps/alpinejs.js?v=415d4dfb:477:19), <anonymous>:3:33)
    at http://[::1]:5173/node_modules/.vite/deps/alpinejs.js?v=415d4dfb:502:21
    at tryCatch (http://[::1]:5173/node_modules/.vite/deps/alpinejs.js?v=415d4dfb:416:12)
    at http://[::1]:5173/node_modules/.vite/deps/alpinejs.js?v=415d4dfb:3008:17
    at reactiveEffect (http://[::1]:5173/node_modules/.vite/deps/alpinejs.js?v=415d4dfb:1746:16)
    at Object.effect2 [as effect] (http://[::1]:5173/node_modules/.vite/deps/alpinejs.js?v=415d4dfb:1721:5)
    at effect (http://[::1]:5173/node_modules/.vite/deps/alpinejs.js?v=415d4dfb:51:33)
    at wrappedEffect (http://[::1]:5173/node_modules/.vite/deps/alpinejs.js?v=415d4dfb:67:27)
    at Function.<anonymous> (http://[::1]:5173/node_modules/.vite/deps/alpinejs.js?v=415d4dfb:3008:3)
    at flushHandlers (http://[::1]:5173/node_modules/.vite/deps/alpinejs.js?v=415d4dfb:587:46) @ http://[::1]:5173/resources/js/app.js:146
[  163990ms] ReferenceError: sortAsc is not defined
    at [Alpine] !sortAsc (eval at safeAsyncFunction (http://[::1]:5173/node_modules/.vite/deps/alpinejs.js?v=415d4dfb:477:19), <anonymous>:3:33)
    at http://[::1]:5173/node_modules/.vite/deps/alpinejs.js?v=415d4dfb:502:21
    at tryCatch (http://[::1]:5173/node_modules/.vite/deps/alpinejs.js?v=415d4dfb:416:12)
    at http://[::1]:5173/node_modules/.vite/deps/alpinejs.js?v=415d4dfb:3008:17
    at reactiveEffect (http://[::1]:5173/node_modules/.vite/deps/alpinejs.js?v=415d4dfb:1746:16)
    at Object.effect2 [as effect] (http://[::1]:5173/node_modules/.vite/deps/alpinejs.js?v=415d4dfb:1721:5)
    at effect (http://[::1]:5173/node_modules/.vite/deps/alpinejs.js?v=415d4dfb:51:33)
    at wrappedEffect (http://[::1]:5173/node_modules/.vite/deps/alpinejs.js?v=415d4dfb:67:27)
    at Function.<anonymous> (http://[::1]:5173/node_modules/.vite/deps/alpinejs.js?v=415d4dfb:3008:3)
    at flushHandlers (http://[::1]:5173/node_modules/.vite/deps/alpinejs.js?v=415d4dfb:587:46)
[  163987ms] [ERROR] [sopas] error global: ReferenceError: sortKey is not defined
    at [Alpine] sortKey === 'total' (eval at safeAsyncFunction (http://[::1]:5173/node_modules/.vite/deps/alpinejs.js?v=415d4dfb:477:19), <anonymous>:3:32)
    at http://[::1]:5173/node_modules/.vite/deps/alpinejs.js?v=415d4dfb:502:21
    at tryCatch (http://[::1]:5173/node_modules/.vite/deps/alpinejs.js?v=415d4dfb:416:12)
    at http://[::1]:5173/node_modules/.vite/deps/alpinejs.js?v=415d4dfb:3008:17
    at reactiveEffect (http://[::1]:5173/node_modules/.vite/deps/alpinejs.js?v=415d4dfb:1746:16)
    at Object.effect2 [as effect] (http://[::1]:5173/node_modules/.vite/deps/alpinejs.js?v=415d4dfb:1721:5)
    at effect (http://[::1]:5173/node_modules/.vite/deps/alpinejs.js?v=415d4dfb:51:33)
    at wrappedEffect (http://[::1]:5173/node_modules/.vite/deps/alpinejs.js?v=415d4dfb:67:27)
    at Function.<anonymous> (http://[::1]:5173/node_modules/.vite/deps/alpinejs.js?v=415d4dfb:3008:3)
    at flushHandlers (http://[::1]:5173/node_modules/.vite/deps/alpinejs.js?v=415d4dfb:587:46) @ http://[::1]:5173/resources/js/app.js:146
[  163990ms] ReferenceError: sortKey is not defined
    at [Alpine] sortKey === 'total' (eval at safeAsyncFunction (http://[::1]:5173/node_modules/.vite/deps/alpinejs.js?v=415d4dfb:477:19), <anonymous>:3:32)
    at http://[::1]:5173/node_modules/.vite/deps/alpinejs.js?v=415d4dfb:502:21
    at tryCatch (http://[::1]:5173/node_modules/.vite/deps/alpinejs.js?v=415d4dfb:416:12)
    at http://[::1]:5173/node_modules/.vite/deps/alpinejs.js?v=415d4dfb:3008:17
    at reactiveEffect (http://[::1]:5173/node_modules/.vite/deps/alpinejs.js?v=415d4dfb:1746:16)
    at Object.effect2 [as effect] (http://[::1]:5173/node_modules/.vite/deps/alpinejs.js?v=415d4dfb:1721:5)
    at effect (http://[::1]:5173/node_modules/.vite/deps/alpinejs.js?v=415d4dfb:51:33)
    at wrappedEffect (http://[::1]:5173/node_modules/.vite/deps/alpinejs.js?v=415d4dfb:67:27)
    at Function.<anonymous> (http://[::1]:5173/node_modules/.vite/deps/alpinejs.js?v=415d4dfb:3008:3)
    at flushHandlers (http://[::1]:5173/node_modules/.vite/deps/alpinejs.js?v=415d4dfb:587:46)
[  163987ms] [ERROR] [sopas] error global: ReferenceError: sortAsc is not defined
    at [Alpine] sortAsc (eval at safeAsyncFunction (http://[::1]:5173/node_modules/.vite/deps/alpinejs.js?v=415d4dfb:477:19), <anonymous>:3:32)
    at http://[::1]:5173/node_modules/.vite/deps/alpinejs.js?v=415d4dfb:502:21
    at tryCatch (http://[::1]:5173/node_modules/.vite/deps/alpinejs.js?v=415d4dfb:416:12)
    at http://[::1]:5173/node_modules/.vite/deps/alpinejs.js?v=415d4dfb:3008:17
    at reactiveEffect (http://[::1]:5173/node_modules/.vite/deps/alpinejs.js?v=415d4dfb:1746:16)
    at Object.effect2 [as effect] (http://[::1]:5173/node_modules/.vite/deps/alpinejs.js?v=415d4dfb:1721:5)
    at effect (http://[::1]:5173/node_modules/.vite/deps/alpinejs.js?v=415d4dfb:51:33)
    at wrappedEffect (http://[::1]:5173/node_modules/.vite/deps/alpinejs.js?v=415d4dfb:67:27)
    at Function.<anonymous> (http://[::1]:5173/node_modules/.vite/deps/alpinejs.js?v=415d4dfb:3008:3)
    at flushHandlers (http://[::1]:5173/node_modules/.vite/deps/alpinejs.js?v=415d4dfb:587:46) @ http://[::1]:5173/resources/js/app.js:146
[  163990ms] ReferenceError: sortAsc is not defined
    at [Alpine] sortAsc (eval at safeAsyncFunction (http://[::1]:5173/node_modules/.vite/deps/alpinejs.js?v=415d4dfb:477:19), <anonymous>:3:32)
    at http://[::1]:5173/node_modules/.vite/deps/alpinejs.js?v=415d4dfb:502:21
    at tryCatch (http://[::1]:5173/node_modules/.vite/deps/alpinejs.js?v=415d4dfb:416:12)
    at http://[::1]:5173/node_modules/.vite/deps/alpinejs.js?v=415d4dfb:3008:17
    at reactiveEffect (http://[::1]:5173/node_modules/.vite/deps/alpinejs.js?v=415d4dfb:1746:16)
    at Object.effect2 [as effect] (http://[::1]:5173/node_modules/.vite/deps/alpinejs.js?v=415d4dfb:1721:5)
    at effect (http://[::1]:5173/node_modules/.vite/deps/alpinejs.js?v=415d4dfb:51:33)
    at wrappedEffect (http://[::1]:5173/node_modules/.vite/deps/alpinejs.js?v=415d4dfb:67:27)
    at Function.<anonymous> (http://[::1]:5173/node_modules/.vite/deps/alpinejs.js?v=415d4dfb:3008:3)
    at flushHandlers (http://[::1]:5173/node_modules/.vite/deps/alpinejs.js?v=415d4dfb:587:46)
[  163987ms] [ERROR] [sopas] error global: ReferenceError: sortAsc is not defined
    at [Alpine] !sortAsc (eval at safeAsyncFunction (http://[::1]:5173/node_modules/.vite/deps/alpinejs.js?v=415d4dfb:477:19), <anonymous>:3:33)
    at http://[::1]:5173/node_modules/.vite/deps/alpinejs.js?v=415d4dfb:502:21
    at tryCatch (http://[::1]:5173/node_modules/.vite/deps/alpinejs.js?v=415d4dfb:416:12)
    at http://[::1]:5173/node_modules/.vite/deps/alpinejs.js?v=415d4dfb:3008:17
    at reactiveEffect (http://[::1]:5173/node_modules/.vite/deps/alpinejs.js?v=415d4dfb:1746:16)
    at Object.effect2 [as effect] (http://[::1]:5173/node_modules/.vite/deps/alpinejs.js?v=415d4dfb:1721:5)
    at effect (http://[::1]:5173/node_modules/.vite/deps/alpinejs.js?v=415d4dfb:51:33)
    at wrappedEffect (http://[::1]:5173/node_modules/.vite/deps/alpinejs.js?v=415d4dfb:67:27)
    at Function.<anonymous> (http://[::1]:5173/node_modules/.vite/deps/alpinejs.js?v=415d4dfb:3008:3)
    at flushHandlers (http://[::1]:5173/node_modules/.vite/deps/alpinejs.js?v=415d4dfb:587:46) @ http://[::1]:5173/resources/js/app.js:146
[  163990ms] ReferenceError: sortAsc is not defined
    at [Alpine] !sortAsc (eval at safeAsyncFunction (http://[::1]:5173/node_modules/.vite/deps/alpinejs.js?v=415d4dfb:477:19), <anonymous>:3:33)
    at http://[::1]:5173/node_modules/.vite/deps/alpinejs.js?v=415d4dfb:502:21
    at tryCatch (http://[::1]:5173/node_modules/.vite/deps/alpinejs.js?v=415d4dfb:416:12)
    at http://[::1]:5173/node_modules/.vite/deps/alpinejs.js?v=415d4dfb:3008:17
    at reactiveEffect (http://[::1]:5173/node_modules/.vite/deps/alpinejs.js?v=415d4dfb:1746:16)
    at Object.effect2 [as effect] (http://[::1]:5173/node_modules/.vite/deps/alpinejs.js?v=415d4dfb:1721:5)
    at effect (http://[::1]:5173/node_modules/.vite/deps/alpinejs.js?v=415d4dfb:51:33)
    at wrappedEffect (http://[::1]:5173/node_modules/.vite/deps/alpinejs.js?v=415d4dfb:67:27)
    at Function.<anonymous> (http://[::1]:5173/node_modules/.vite/deps/alpinejs.js?v=415d4dfb:3008:3)
    at flushHandlers (http://[::1]:5173/node_modules/.vite/deps/alpinejs.js?v=415d4dfb:587:46)
[  163988ms] [ERROR] [sopas] error global: ReferenceError: sortKey is not defined
    at [Alpine] sortKey === 'cambio' (eval at safeAsyncFunction (http://[::1]:5173/node_modules/.vite/deps/alpinejs.js?v=415d4dfb:477:19), <anonymous>:3:32)
    at http://[::1]:5173/node_modules/.vite/deps/alpinejs.js?v=415d4dfb:502:21
    at tryCatch (http://[::1]:5173/node_modules/.vite/deps/alpinejs.js?v=415d4dfb:416:12)
    at http://[::1]:5173/node_modules/.vite/deps/alpinejs.js?v=415d4dfb:3008:17
    at reactiveEffect (http://[::1]:5173/node_modules/.vite/deps/alpinejs.js?v=415d4dfb:1746:16)
    at Object.effect2 [as effect] (http://[::1]:5173/node_modules/.vite/deps/alpinejs.js?v=415d4dfb:1721:5)
    at effect (http://[::1]:5173/node_modules/.vite/deps/alpinejs.js?v=415d4dfb:51:33)
    at wrappedEffect (http://[::1]:5173/node_modules/.vite/deps/alpinejs.js?v=415d4dfb:67:27)
    at Function.<anonymous> (http://[::1]:5173/node_modules/.vite/deps/alpinejs.js?v=415d4dfb:3008:3)
    at flushHandlers (http://[::1]:5173/node_modules/.vite/deps/alpinejs.js?v=415d4dfb:587:46) @ http://[::1]:5173/resources/js/app.js:146
[  163990ms] ReferenceError: sortKey is not defined
    at [Alpine] sortKey === 'cambio' (eval at safeAsyncFunction (http://[::1]:5173/node_modules/.vite/deps/alpinejs.js?v=415d4dfb:477:19), <anonymous>:3:32)
    at http://[::1]:5173/node_modules/.vite/deps/alpinejs.js?v=415d4dfb:502:21
    at tryCatch (http://[::1]:5173/node_modules/.vite/deps/alpinejs.js?v=415d4dfb:416:12)
    at http://[::1]:5173/node_modules/.vite/deps/alpinejs.js?v=415d4dfb:3008:17
    at reactiveEffect (http://[::1]:5173/node_modules/.vite/deps/alpinejs.js?v=415d4dfb:1746:16)
    at Object.effect2 [as effect] (http://[::1]:5173/node_modules/.vite/deps/alpinejs.js?v=415d4dfb:1721:5)
    at effect (http://[::1]:5173/node_modules/.vite/deps/alpinejs.js?v=415d4dfb:51:33)
    at wrappedEffect (http://[::1]:5173/node_modules/.vite/deps/alpinejs.js?v=415d4dfb:67:27)
    at Function.<anonymous> (http://[::1]:5173/node_modules/.vite/deps/alpinejs.js?v=415d4dfb:3008:3)
    at flushHandlers (http://[::1]:5173/node_modules/.vite/deps/alpinejs.js?v=415d4dfb:587:46)
[  163988ms] [ERROR] [sopas] error global: ReferenceError: sortAsc is not defined
    at [Alpine] sortAsc (eval at safeAsyncFunction (http://[::1]:5173/node_modules/.vite/deps/alpinejs.js?v=415d4dfb:477:19), <anonymous>:3:32)
    at http://[::1]:5173/node_modules/.vite/deps/alpinejs.js?v=415d4dfb:502:21
    at tryCatch (http://[::1]:5173/node_modules/.vite/deps/alpinejs.js?v=415d4dfb:416:12)
    at http://[::1]:5173/node_modules/.vite/deps/alpinejs.js?v=415d4dfb:3008:17
    at reactiveEffect (http://[::1]:5173/node_modules/.vite/deps/alpinejs.js?v=415d4dfb:1746:16)
    at Object.effect2 [as effect] (http://[::1]:5173/node_modules/.vite/deps/alpinejs.js?v=415d4dfb:1721:5)
    at effect (http://[::1]:5173/node_modules/.vite/deps/alpinejs.js?v=415d4dfb:51:33)
    at wrappedEffect (http://[::1]:5173/node_modules/.vite/deps/alpinejs.js?v=415d4dfb:67:27)
    at Function.<anonymous> (http://[::1]:5173/node_modules/.vite/deps/alpinejs.js?v=415d4dfb:3008:3)
    at flushHandlers (http://[::1]:5173/node_modules/.vite/deps/alpinejs.js?v=415d4dfb:587:46) @ http://[::1]:5173/resources/js/app.js:146
[  163990ms] ReferenceError: sortAsc is not defined
    at [Alpine] sortAsc (eval at safeAsyncFunction (http://[::1]:5173/node_modules/.vite/deps/alpinejs.js?v=415d4dfb:477:19), <anonymous>:3:32)
    at http://[::1]:5173/node_modules/.vite/deps/alpinejs.js?v=415d4dfb:502:21
    at tryCatch (http://[::1]:5173/node_modules/.vite/deps/alpinejs.js?v=415d4dfb:416:12)
    at http://[::1]:5173/node_modules/.vite/deps/alpinejs.js?v=415d4dfb:3008:17
    at reactiveEffect (http://[::1]:5173/node_modules/.vite/deps/alpinejs.js?v=415d4dfb:1746:16)
    at Object.effect2 [as effect] (http://[::1]:5173/node_modules/.vite/deps/alpinejs.js?v=415d4dfb:1721:5)
    at effect (http://[::1]:5173/node_modules/.vite/deps/alpinejs.js?v=415d4dfb:51:33)
    at wrappedEffect (http://[::1]:5173/node_modules/.vite/deps/alpinejs.js?v=415d4dfb:67:27)
    at Function.<anonymous> (http://[::1]:5173/node_modules/.vite/deps/alpinejs.js?v=415d4dfb:3008:3)
    at flushHandlers (http://[::1]:5173/node_modules/.vite/deps/alpinejs.js?v=415d4dfb:587:46)
[  163988ms] [ERROR] [sopas] error global: ReferenceError: sortAsc is not defined
    at [Alpine] !sortAsc (eval at safeAsyncFunction (http://[::1]:5173/node_modules/.vite/deps/alpinejs.js?v=415d4dfb:477:19), <anonymous>:3:33)
    at http://[::1]:5173/node_modules/.vite/deps/alpinejs.js?v=415d4dfb:502:21
    at tryCatch (http://[::1]:5173/node_modules/.vite/deps/alpinejs.js?v=415d4dfb:416:12)
    at http://[::1]:5173/node_modules/.vite/deps/alpinejs.js?v=415d4dfb:3008:17
    at reactiveEffect (http://[::1]:5173/node_modules/.vite/deps/alpinejs.js?v=415d4dfb:1746:16)
    at Object.effect2 [as effect] (http://[::1]:5173/node_modules/.vite/deps/alpinejs.js?v=415d4dfb:1721:5)
    at effect (http://[::1]:5173/node_modules/.vite/deps/alpinejs.js?v=415d4dfb:51:33)
    at wrappedEffect (http://[::1]:5173/node_modules/.vite/deps/alpinejs.js?v=415d4dfb:67:27)
    at Function.<anonymous> (http://[::1]:5173/node_modules/.vite/deps/alpinejs.js?v=415d4dfb:3008:3)
    at flushHandlers (http://[::1]:5173/node_modules/.vite/deps/alpinejs.js?v=415d4dfb:587:46) @ http://[::1]:5173/resources/js/app.js:146
[  163990ms] ReferenceError: sortAsc is not defined
    at [Alpine] !sortAsc (eval at safeAsyncFunction (http://[::1]:5173/node_modules/.vite/deps/alpinejs.js?v=415d4dfb:477:19), <anonymous>:3:33)
    at http://[::1]:5173/node_modules/.vite/deps/alpinejs.js?v=415d4dfb:502:21
    at tryCatch (http://[::1]:5173/node_modules/.vite/deps/alpinejs.js?v=415d4dfb:416:12)
    at http://[::1]:5173/node_modules/.vite/deps/alpinejs.js?v=415d4dfb:3008:17
    at reactiveEffect (http://[::1]:5173/node_modules/.vite/deps/alpinejs.js?v=415d4dfb:1746:16)
    at Object.effect2 [as effect] (http://[::1]:5173/node_modules/.vite/deps/alpinejs.js?v=415d4dfb:1721:5)
    at effect (http://[::1]:5173/node_modules/.vite/deps/alpinejs.js?v=415d4dfb:51:33)
    at wrappedEffect (http://[::1]:5173/node_modules/.vite/deps/alpinejs.js?v=415d4dfb:67:27)
    at Function.<anonymous> (http://[::1]:5173/node_modules/.vite/deps/alpinejs.js?v=415d4dfb:3008:3)
    at flushHandlers (http://[::1]:5173/node_modules/.vite/deps/alpinejs.js?v=415d4dfb:587:46)
[  163988ms] [ERROR] [sopas] error global: ReferenceError: pageRows is not defined
    at [Alpine] pageRows (eval at safeAsyncFunction (http://[::1]:5173/node_modules/.vite/deps/alpinejs.js?v=415d4dfb:477:19), <anonymous>:3:32)
    at http://[::1]:5173/node_modules/.vite/deps/alpinejs.js?v=415d4dfb:502:21
    at tryCatch (http://[::1]:5173/node_modules/.vite/deps/alpinejs.js?v=415d4dfb:416:12)
    at loop (http://[::1]:5173/node_modules/.vite/deps/alpinejs.js?v=415d4dfb:3043:3)
    at http://[::1]:5173/node_modules/.vite/deps/alpinejs.js?v=415d4dfb:3028:17
    at reactiveEffect (http://[::1]:5173/node_modules/.vite/deps/alpinejs.js?v=415d4dfb:1746:16)
    at Object.effect2 [as effect] (http://[::1]:5173/node_modules/.vite/deps/alpinejs.js?v=415d4dfb:1721:5)
    at effect (http://[::1]:5173/node_modules/.vite/deps/alpinejs.js?v=415d4dfb:51:33)
    at wrappedEffect (http://[::1]:5173/node_modules/.vite/deps/alpinejs.js?v=415d4dfb:67:27)
    at Function.<anonymous> (http://[::1]:5173/node_modules/.vite/deps/alpinejs.js?v=415d4dfb:3028:3) @ http://[::1]:5173/resources/js/app.js:146
[  163992ms] ReferenceError: pageRows is not defined
    at [Alpine] pageRows (eval at safeAsyncFunction (http://[::1]:5173/node_modules/.vite/deps/alpinejs.js?v=415d4dfb:477:19), <anonymous>:3:32)
    at http://[::1]:5173/node_modules/.vite/deps/alpinejs.js?v=415d4dfb:502:21
    at tryCatch (http://[::1]:5173/node_modules/.vite/deps/alpinejs.js?v=415d4dfb:416:12)
    at loop (http://[::1]:5173/node_modules/.vite/deps/alpinejs.js?v=415d4dfb:3043:3)
    at http://[::1]:5173/node_modules/.vite/deps/alpinejs.js?v=415d4dfb:3028:17
    at reactiveEffect (http://[::1]:5173/node_modules/.vite/deps/alpinejs.js?v=415d4dfb:1746:16)
    at Object.effect2 [as effect] (http://[::1]:5173/node_modules/.vite/deps/alpinejs.js?v=415d4dfb:1721:5)
    at effect (http://[::1]:5173/node_modules/.vite/deps/alpinejs.js?v=415d4dfb:51:33)
    at wrappedEffect (http://[::1]:5173/node_modules/.vite/deps/alpinejs.js?v=415d4dfb:67:27)
    at Function.<anonymous> (http://[::1]:5173/node_modules/.vite/deps/alpinejs.js?v=415d4dfb:3028:3)
[  163989ms] [ERROR] [sopas] error global: ReferenceError: ventas is not defined
    at [Alpine] ventas.length === 0 (eval at safeAsyncFunction (http://[::1]:5173/node_modules/.vite/deps/alpinejs.js?v=415d4dfb:477:19), <anonymous>:3:32)
    at http://[::1]:5173/node_modules/.vite/deps/alpinejs.js?v=415d4dfb:502:21
    at tryCatch (http://[::1]:5173/node_modules/.vite/deps/alpinejs.js?v=415d4dfb:416:12)
    at http://[::1]:5173/node_modules/.vite/deps/alpinejs.js?v=415d4dfb:3008:17
    at reactiveEffect (http://[::1]:5173/node_modules/.vite/deps/alpinejs.js?v=415d4dfb:1746:16)
    at Object.effect2 [as effect] (http://[::1]:5173/node_modules/.vite/deps/alpinejs.js?v=415d4dfb:1721:5)
    at effect (http://[::1]:5173/node_modules/.vite/deps/alpinejs.js?v=415d4dfb:51:33)
    at wrappedEffect (http://[::1]:5173/node_modules/.vite/deps/alpinejs.js?v=415d4dfb:67:27)
    at Function.<anonymous> (http://[::1]:5173/node_modules/.vite/deps/alpinejs.js?v=415d4dfb:3008:3)
    at flushHandlers (http://[::1]:5173/node_modules/.vite/deps/alpinejs.js?v=415d4dfb:587:46) @ http://[::1]:5173/resources/js/app.js:146
[  163992ms] ReferenceError: ventas is not defined
    at [Alpine] ventas.length === 0 (eval at safeAsyncFunction (http://[::1]:5173/node_modules/.vite/deps/alpinejs.js?v=415d4dfb:477:19), <anonymous>:3:32)
    at http://[::1]:5173/node_modules/.vite/deps/alpinejs.js?v=415d4dfb:502:21
    at tryCatch (http://[::1]:5173/node_modules/.vite/deps/alpinejs.js?v=415d4dfb:416:12)
    at http://[::1]:5173/node_modules/.vite/deps/alpinejs.js?v=415d4dfb:3008:17
    at reactiveEffect (http://[::1]:5173/node_modules/.vite/deps/alpinejs.js?v=415d4dfb:1746:16)
    at Object.effect2 [as effect] (http://[::1]:5173/node_modules/.vite/deps/alpinejs.js?v=415d4dfb:1721:5)
    at effect (http://[::1]:5173/node_modules/.vite/deps/alpinejs.js?v=415d4dfb:51:33)
    at wrappedEffect (http://[::1]:5173/node_modules/.vite/deps/alpinejs.js?v=415d4dfb:67:27)
    at Function.<anonymous> (http://[::1]:5173/node_modules/.vite/deps/alpinejs.js?v=415d4dfb:3008:3)
    at flushHandlers (http://[::1]:5173/node_modules/.vite/deps/alpinejs.js?v=415d4dfb:587:46)
[  163989ms] [ERROR] [sopas] error global: ReferenceError: ventas is not defined
    at [Alpine] ventas.length > 0 (eval at safeAsyncFunction (http://[::1]:5173/node_modules/.vite/deps/alpinejs.js?v=415d4dfb:477:19), <anonymous>:3:32)
    at http://[::1]:5173/node_modules/.vite/deps/alpinejs.js?v=415d4dfb:502:21
    at tryCatch (http://[::1]:5173/node_modules/.vite/deps/alpinejs.js?v=415d4dfb:416:12)
    at http://[::1]:5173/node_modules/.vite/deps/alpinejs.js?v=415d4dfb:3008:17
    at reactiveEffect (http://[::1]:5173/node_modules/.vite/deps/alpinejs.js?v=415d4dfb:1746:16)
    at Object.effect2 [as effect] (http://[::1]:5173/node_modules/.vite/deps/alpinejs.js?v=415d4dfb:1721:5)
    at effect (http://[::1]:5173/node_modules/.vite/deps/alpinejs.js?v=415d4dfb:51:33)
    at wrappedEffect (http://[::1]:5173/node_modules/.vite/deps/alpinejs.js?v=415d4dfb:67:27)
    at Function.<anonymous> (http://[::1]:5173/node_modules/.vite/deps/alpinejs.js?v=415d4dfb:3008:3)
    at flushHandlers (http://[::1]:5173/node_modules/.vite/deps/alpinejs.js?v=415d4dfb:587:46) @ http://[::1]:5173/resources/js/app.js:146
[  163992ms] ReferenceError: ventas is not defined
    at [Alpine] ventas.length > 0 (eval at safeAsyncFunction (http://[::1]:5173/node_modules/.vite/deps/alpinejs.js?v=415d4dfb:477:19), <anonymous>:3:32)
    at http://[::1]:5173/node_modules/.vite/deps/alpinejs.js?v=415d4dfb:502:21
    at tryCatch (http://[::1]:5173/node_modules/.vite/deps/alpinejs.js?v=415d4dfb:416:12)
    at http://[::1]:5173/node_modules/.vite/deps/alpinejs.js?v=415d4dfb:3008:17
    at reactiveEffect (http://[::1]:5173/node_modules/.vite/deps/alpinejs.js?v=415d4dfb:1746:16)
    at Object.effect2 [as effect] (http://[::1]:5173/node_modules/.vite/deps/alpinejs.js?v=415d4dfb:1721:5)
    at effect (http://[::1]:5173/node_modules/.vite/deps/alpinejs.js?v=415d4dfb:51:33)
    at wrappedEffect (http://[::1]:5173/node_modules/.vite/deps/alpinejs.js?v=415d4dfb:67:27)
    at Function.<anonymous> (http://[::1]:5173/node_modules/.vite/deps/alpinejs.js?v=415d4dfb:3008:3)
    at flushHandlers (http://[::1]:5173/node_modules/.vite/deps/alpinejs.js?v=415d4dfb:587:46)
[  163989ms] [ERROR] [sopas] error global: ReferenceError: perPage is not defined
    at [Alpine] perPage (eval at safeAsyncFunction (http://[::1]:5173/node_modules/.vite/deps/alpinejs.js?v=415d4dfb:477:19), <anonymous>:3:32)
    at http://[::1]:5173/node_modules/.vite/deps/alpinejs.js?v=415d4dfb:502:21
    at tryCatch (http://[::1]:5173/node_modules/.vite/deps/alpinejs.js?v=415d4dfb:416:12)
    at getValue (http://[::1]:5173/node_modules/.vite/deps/alpinejs.js?v=415d4dfb:2730:5)
    at http://[::1]:5173/node_modules/.vite/deps/alpinejs.js?v=415d4dfb:2789:17
    at reactiveEffect (http://[::1]:5173/node_modules/.vite/deps/alpinejs.js?v=415d4dfb:1746:16)
    at Object.effect2 [as effect] (http://[::1]:5173/node_modules/.vite/deps/alpinejs.js?v=415d4dfb:1721:5)
    at effect (http://[::1]:5173/node_modules/.vite/deps/alpinejs.js?v=415d4dfb:51:33)
    at wrappedEffect (http://[::1]:5173/node_modules/.vite/deps/alpinejs.js?v=415d4dfb:67:27)
    at Function.<anonymous> (http://[::1]:5173/node_modules/.vite/deps/alpinejs.js?v=415d4dfb:2788:3) @ http://[::1]:5173/resources/js/app.js:146
[  163992ms] ReferenceError: perPage is not defined
    at [Alpine] perPage (eval at safeAsyncFunction (http://[::1]:5173/node_modules/.vite/deps/alpinejs.js?v=415d4dfb:477:19), <anonymous>:3:32)
    at http://[::1]:5173/node_modules/.vite/deps/alpinejs.js?v=415d4dfb:502:21
    at tryCatch (http://[::1]:5173/node_modules/.vite/deps/alpinejs.js?v=415d4dfb:416:12)
    at getValue (http://[::1]:5173/node_modules/.vite/deps/alpinejs.js?v=415d4dfb:2730:5)
    at http://[::1]:5173/node_modules/.vite/deps/alpinejs.js?v=415d4dfb:2789:17
    at reactiveEffect (http://[::1]:5173/node_modules/.vite/deps/alpinejs.js?v=415d4dfb:1746:16)
    at Object.effect2 [as effect] (http://[::1]:5173/node_modules/.vite/deps/alpinejs.js?v=415d4dfb:1721:5)
    at effect (http://[::1]:5173/node_modules/.vite/deps/alpinejs.js?v=415d4dfb:51:33)
    at wrappedEffect (http://[::1]:5173/node_modules/.vite/deps/alpinejs.js?v=415d4dfb:67:27)
    at Function.<anonymous> (http://[::1]:5173/node_modules/.vite/deps/alpinejs.js?v=415d4dfb:2788:3)
[  163989ms] [ERROR] [sopas] error global: ReferenceError: page is not defined
    at [Alpine] `Página ${page} de ${pages}` (eval at safeAsyncFunction (http://[::1]:5173/node_modules/.vite/deps/alpinejs.js?v=415d4dfb:477:19), <anonymous>:3:42)
    at http://[::1]:5173/node_modules/.vite/deps/alpinejs.js?v=415d4dfb:502:21
    at tryCatch (http://[::1]:5173/node_modules/.vite/deps/alpinejs.js?v=415d4dfb:416:12)
    at http://[::1]:5173/node_modules/.vite/deps/alpinejs.js?v=415d4dfb:2875:5
    at reactiveEffect (http://[::1]:5173/node_modules/.vite/deps/alpinejs.js?v=415d4dfb:1746:16)
    at Object.effect2 [as effect] (http://[::1]:5173/node_modules/.vite/deps/alpinejs.js?v=415d4dfb:1721:5)
    at effect (http://[::1]:5173/node_modules/.vite/deps/alpinejs.js?v=415d4dfb:51:33)
    at wrappedEffect (http://[::1]:5173/node_modules/.vite/deps/alpinejs.js?v=415d4dfb:67:27)
    at Function.<anonymous> (http://[::1]:5173/node_modules/.vite/deps/alpinejs.js?v=415d4dfb:2874:3)
    at flushHandlers (http://[::1]:5173/node_modules/.vite/deps/alpinejs.js?v=415d4dfb:587:46) @ http://[::1]:5173/resources/js/app.js:146
[  163992ms] ReferenceError: page is not defined
    at [Alpine] `Página ${page} de ${pages}` (eval at safeAsyncFunction (http://[::1]:5173/node_modules/.vite/deps/alpinejs.js?v=415d4dfb:477:19), <anonymous>:3:42)
    at http://[::1]:5173/node_modules/.vite/deps/alpinejs.js?v=415d4dfb:502:21
    at tryCatch (http://[::1]:5173/node_modules/.vite/deps/alpinejs.js?v=415d4dfb:416:12)
    at http://[::1]:5173/node_modules/.vite/deps/alpinejs.js?v=415d4dfb:2875:5
    at reactiveEffect (http://[::1]:5173/node_modules/.vite/deps/alpinejs.js?v=415d4dfb:1746:16)
    at Object.effect2 [as effect] (http://[::1]:5173/node_modules/.vite/deps/alpinejs.js?v=415d4dfb:1721:5)
    at effect (http://[::1]:5173/node_modules/.vite/deps/alpinejs.js?v=415d4dfb:51:33)
    at wrappedEffect (http://[::1]:5173/node_modules/.vite/deps/alpinejs.js?v=415d4dfb:67:27)
    at Function.<anonymous> (http://[::1]:5173/node_modules/.vite/deps/alpinejs.js?v=415d4dfb:2874:3)
    at flushHandlers (http://[::1]:5173/node_modules/.vite/deps/alpinejs.js?v=415d4dfb:587:46)
[  163990ms] [ERROR] [sopas] error global: ReferenceError: page is not defined
    at [Alpine] page === 1 (eval at safeAsyncFunction (http://[::1]:5173/node_modules/.vite/deps/alpinejs.js?v=415d4dfb:477:19), <anonymous>:3:32)
    at http://[::1]:5173/node_modules/.vite/deps/alpinejs.js?v=415d4dfb:502:21
    at tryCatch (http://[::1]:5173/node_modules/.vite/deps/alpinejs.js?v=415d4dfb:416:12)
    at http://[::1]:5173/node_modules/.vite/deps/alpinejs.js?v=415d4dfb:2912:17
    at reactiveEffect (http://[::1]:5173/node_modules/.vite/deps/alpinejs.js?v=415d4dfb:1746:16)
    at Object.effect2 [as effect] (http://[::1]:5173/node_modules/.vite/deps/alpinejs.js?v=415d4dfb:1721:5)
    at effect (http://[::1]:5173/node_modules/.vite/deps/alpinejs.js?v=415d4dfb:51:33)
    at wrappedEffect (http://[::1]:5173/node_modules/.vite/deps/alpinejs.js?v=415d4dfb:67:27)
    at handler2 (http://[::1]:5173/node_modules/.vite/deps/alpinejs.js?v=415d4dfb:2912:3)
    at flushHandlers (http://[::1]:5173/node_modules/.vite/deps/alpinejs.js?v=415d4dfb:587:46) @ http://[::1]:5173/resources/js/app.js:146
[  163992ms] ReferenceError: page is not defined
    at [Alpine] page === 1 (eval at safeAsyncFunction (http://[::1]:5173/node_modules/.vite/deps/alpinejs.js?v=415d4dfb:477:19), <anonymous>:3:32)
    at http://[::1]:5173/node_modules/.vite/deps/alpinejs.js?v=415d4dfb:502:21
    at tryCatch (http://[::1]:5173/node_modules/.vite/deps/alpinejs.js?v=415d4dfb:416:12)
    at http://[::1]:5173/node_modules/.vite/deps/alpinejs.js?v=415d4dfb:2912:17
    at reactiveEffect (http://[::1]:5173/node_modules/.vite/deps/alpinejs.js?v=415d4dfb:1746:16)
    at Object.effect2 [as effect] (http://[::1]:5173/node_modules/.vite/deps/alpinejs.js?v=415d4dfb:1721:5)
    at effect (http://[::1]:5173/node_modules/.vite/deps/alpinejs.js?v=415d4dfb:51:33)
    at wrappedEffect (http://[::1]:5173/node_modules/.vite/deps/alpinejs.js?v=415d4dfb:67:27)
    at handler2 (http://[::1]:5173/node_modules/.vite/deps/alpinejs.js?v=415d4dfb:2912:3)
    at flushHandlers (http://[::1]:5173/node_modules/.vite/deps/alpinejs.js?v=415d4dfb:587:46)
[  163990ms] [ERROR] [sopas] error global: ReferenceError: page is not defined
    at [Alpine] page === pages (eval at safeAsyncFunction (http://[::1]:5173/node_modules/.vite/deps/alpinejs.js?v=415d4dfb:477:19), <anonymous>:3:32)
    at http://[::1]:5173/node_modules/.vite/deps/alpinejs.js?v=415d4dfb:502:21
    at tryCatch (http://[::1]:5173/node_modules/.vite/deps/alpinejs.js?v=415d4dfb:416:12)
    at http://[::1]:5173/node_modules/.vite/deps/alpinejs.js?v=415d4dfb:2912:17
    at reactiveEffect (http://[::1]:5173/node_modules/.vite/deps/alpinejs.js?v=415d4dfb:1746:16)
    at Object.effect2 [as effect] (http://[::1]:5173/node_modules/.vite/deps/alpinejs.js?v=415d4dfb:1721:5)
    at effect (http://[::1]:5173/node_modules/.vite/deps/alpinejs.js?v=415d4dfb:51:33)
    at wrappedEffect (http://[::1]:5173/node_modules/.vite/deps/alpinejs.js?v=415d4dfb:67:27)
    at handler2 (http://[::1]:5173/node_modules/.vite/deps/alpinejs.js?v=415d4dfb:2912:3)
    at flushHandlers (http://[::1]:5173/node_modules/.vite/deps/alpinejs.js?v=415d4dfb:587:46) @ http://[::1]:5173/resources/js/app.js:146
[  163992ms] ReferenceError: page is not defined
    at [Alpine] page === pages (eval at safeAsyncFunction (http://[::1]:5173/node_modules/.vite/deps/alpinejs.js?v=415d4dfb:477:19), <anonymous>:3:32)
    at http://[::1]:5173/node_modules/.vite/deps/alpinejs.js?v=415d4dfb:502:21
    at tryCatch (http://[::1]:5173/node_modules/.vite/deps/alpinejs.js?v=415d4dfb:416:12)
    at http://[::1]:5173/node_modules/.vite/deps/alpinejs.js?v=415d4dfb:2912:17
    at reactiveEffect (http://[::1]:5173/node_modules/.vite/deps/alpinejs.js?v=415d4dfb:1746:16)
    at Object.effect2 [as effect] (http://[::1]:5173/node_modules/.vite/deps/alpinejs.js?v=415d4dfb:1721:5)
    at effect (http://[::1]:5173/node_modules/.vite/deps/alpinejs.js?v=415d4dfb:51:33)
    at wrappedEffect (http://[::1]:5173/node_modules/.vite/deps/alpinejs.js?v=415d4dfb:67:27)
    at handler2 (http://[::1]:5173/node_modules/.vite/deps/alpinejs.js?v=415d4dfb:2912:3)
    at flushHandlers (http://[::1]:5173/node_modules/.vite/deps/alpinejs.js?v=415d4dfb:587:46)
[  163993ms] [ERROR] [sopas] error global: ReferenceError: sortAsc is not defined
    at [Alpine] sortAsc (eval at safeAsyncFunction (http://[::1]:5173/node_modules/.vite/deps/alpinejs.js?v=415d4dfb:477:19), <anonymous>:3:32)
    at http://[::1]:5173/node_modules/.vite/deps/alpinejs.js?v=415d4dfb:502:21
    at tryCatch (http://[::1]:5173/node_modules/.vite/deps/alpinejs.js?v=415d4dfb:416:12)
    at http://[::1]:5173/node_modules/.vite/deps/alpinejs.js?v=415d4dfb:3008:17
    at reactiveEffect (http://[::1]:5173/node_modules/.vite/deps/alpinejs.js?v=415d4dfb:1746:16)
    at Object.effect2 [as effect] (http://[::1]:5173/node_modules/.vite/deps/alpinejs.js?v=415d4dfb:1721:5)
    at effect (http://[::1]:5173/node_modules/.vite/deps/alpinejs.js?v=415d4dfb:51:33)
    at wrappedEffect (http://[::1]:5173/node_modules/.vite/deps/alpinejs.js?v=415d4dfb:67:27)
    at Function.<anonymous> (http://[::1]:5173/node_modules/.vite/deps/alpinejs.js?v=415d4dfb:3008:3)
    at flushHandlers (http://[::1]:5173/node_modules/.vite/deps/alpinejs.js?v=415d4dfb:587:46) @ http://[::1]:5173/resources/js/app.js:146
[  163994ms] ReferenceError: sortAsc is not defined
    at [Alpine] sortAsc (eval at safeAsyncFunction (http://[::1]:5173/node_modules/.vite/deps/alpinejs.js?v=415d4dfb:477:19), <anonymous>:3:32)
    at http://[::1]:5173/node_modules/.vite/deps/alpinejs.js?v=415d4dfb:502:21
    at tryCatch (http://[::1]:5173/node_modules/.vite/deps/alpinejs.js?v=415d4dfb:416:12)
    at http://[::1]:5173/node_modules/.vite/deps/alpinejs.js?v=415d4dfb:3008:17
    at reactiveEffect (http://[::1]:5173/node_modules/.vite/deps/alpinejs.js?v=415d4dfb:1746:16)
    at Object.effect2 [as effect] (http://[::1]:5173/node_modules/.vite/deps/alpinejs.js?v=415d4dfb:1721:5)
    at effect (http://[::1]:5173/node_modules/.vite/deps/alpinejs.js?v=415d4dfb:51:33)
    at wrappedEffect (http://[::1]:5173/node_modules/.vite/deps/alpinejs.js?v=415d4dfb:67:27)
    at Function.<anonymous> (http://[::1]:5173/node_modules/.vite/deps/alpinejs.js?v=415d4dfb:3008:3)
    at flushHandlers (http://[::1]:5173/node_modules/.vite/deps/alpinejs.js?v=415d4dfb:587:46)
[  163993ms] [ERROR] [sopas] error global: ReferenceError: sortAsc is not defined
    at [Alpine] !sortAsc (eval at safeAsyncFunction (http://[::1]:5173/node_modules/.vite/deps/alpinejs.js?v=415d4dfb:477:19), <anonymous>:3:33)
    at http://[::1]:5173/node_modules/.vite/deps/alpinejs.js?v=415d4dfb:502:21
    at tryCatch (http://[::1]:5173/node_modules/.vite/deps/alpinejs.js?v=415d4dfb:416:12)
    at http://[::1]:5173/node_modules/.vite/deps/alpinejs.js?v=415d4dfb:3008:17
    at reactiveEffect (http://[::1]:5173/node_modules/.vite/deps/alpinejs.js?v=415d4dfb:1746:16)
    at Object.effect2 [as effect] (http://[::1]:5173/node_modules/.vite/deps/alpinejs.js?v=415d4dfb:1721:5)
    at effect (http://[::1]:5173/node_modules/.vite/deps/alpinejs.js?v=415d4dfb:51:33)
    at wrappedEffect (http://[::1]:5173/node_modules/.vite/deps/alpinejs.js?v=415d4dfb:67:27)
    at Function.<anonymous> (http://[::1]:5173/node_modules/.vite/deps/alpinejs.js?v=415d4dfb:3008:3)
    at flushHandlers (http://[::1]:5173/node_modules/.vite/deps/alpinejs.js?v=415d4dfb:587:46) @ http://[::1]:5173/resources/js/app.js:146
[  163994ms] ReferenceError: sortAsc is not defined
    at [Alpine] !sortAsc (eval at safeAsyncFunction (http://[::1]:5173/node_modules/.vite/deps/alpinejs.js?v=415d4dfb:477:19), <anonymous>:3:33)
    at http://[::1]:5173/node_modules/.vite/deps/alpinejs.js?v=415d4dfb:502:21
    at tryCatch (http://[::1]:5173/node_modules/.vite/deps/alpinejs.js?v=415d4dfb:416:12)
    at http://[::1]:5173/node_modules/.vite/deps/alpinejs.js?v=415d4dfb:3008:17
    at reactiveEffect (http://[::1]:5173/node_modules/.vite/deps/alpinejs.js?v=415d4dfb:1746:16)
    at Object.effect2 [as effect] (http://[::1]:5173/node_modules/.vite/deps/alpinejs.js?v=415d4dfb:1721:5)
    at effect (http://[::1]:5173/node_modules/.vite/deps/alpinejs.js?v=415d4dfb:51:33)
    at wrappedEffect (http://[::1]:5173/node_modules/.vite/deps/alpinejs.js?v=415d4dfb:67:27)
    at Function.<anonymous> (http://[::1]:5173/node_modules/.vite/deps/alpinejs.js?v=415d4dfb:3008:3)
    at flushHandlers (http://[::1]:5173/node_modules/.vite/deps/alpinejs.js?v=415d4dfb:587:46)
[  163993ms] [ERROR] [sopas] error global: ReferenceError: sortAsc is not defined
    at [Alpine] sortAsc (eval at safeAsyncFunction (http://[::1]:5173/node_modules/.vite/deps/alpinejs.js?v=415d4dfb:477:19), <anonymous>:3:32)
    at http://[::1]:5173/node_modules/.vite/deps/alpinejs.js?v=415d4dfb:502:21
    at tryCatch (http://[::1]:5173/node_modules/.vite/deps/alpinejs.js?v=415d4dfb:416:12)
    at http://[::1]:5173/node_modules/.vite/deps/alpinejs.js?v=415d4dfb:3008:17
    at reactiveEffect (http://[::1]:5173/node_modules/.vite/deps/alpinejs.js?v=415d4dfb:1746:16)
    at Object.effect2 [as effect] (http://[::1]:5173/node_modules/.vite/deps/alpinejs.js?v=415d4dfb:1721:5)
    at effect (http://[::1]:5173/node_modules/.vite/deps/alpinejs.js?v=415d4dfb:51:33)
    at wrappedEffect (http://[::1]:5173/node_modules/.vite/deps/alpinejs.js?v=415d4dfb:67:27)
    at Function.<anonymous> (http://[::1]:5173/node_modules/.vite/deps/alpinejs.js?v=415d4dfb:3008:3)
    at flushHandlers (http://[::1]:5173/node_modules/.vite/deps/alpinejs.js?v=415d4dfb:587:46) @ http://[::1]:5173/resources/js/app.js:146
[  163994ms] ReferenceError: sortAsc is not defined
    at [Alpine] sortAsc (eval at safeAsyncFunction (http://[::1]:5173/node_modules/.vite/deps/alpinejs.js?v=415d4dfb:477:19), <anonymous>:3:32)
    at http://[::1]:5173/node_modules/.vite/deps/alpinejs.js?v=415d4dfb:502:21
    at tryCatch (http://[::1]:5173/node_modules/.vite/deps/alpinejs.js?v=415d4dfb:416:12)
    at http://[::1]:5173/node_modules/.vite/deps/alpinejs.js?v=415d4dfb:3008:17
    at reactiveEffect (http://[::1]:5173/node_modules/.vite/deps/alpinejs.js?v=415d4dfb:1746:16)
    at Object.effect2 [as effect] (http://[::1]:5173/node_modules/.vite/deps/alpinejs.js?v=415d4dfb:1721:5)
    at effect (http://[::1]:5173/node_modules/.vite/deps/alpinejs.js?v=415d4dfb:51:33)
    at wrappedEffect (http://[::1]:5173/node_modules/.vite/deps/alpinejs.js?v=415d4dfb:67:27)
    at Function.<anonymous> (http://[::1]:5173/node_modules/.vite/deps/alpinejs.js?v=415d4dfb:3008:3)
    at flushHandlers (http://[::1]:5173/node_modules/.vite/deps/alpinejs.js?v=415d4dfb:587:46)
[  163993ms] [ERROR] [sopas] error global: ReferenceError: sortAsc is not defined
    at [Alpine] !sortAsc (eval at safeAsyncFunction (http://[::1]:5173/node_modules/.vite/deps/alpinejs.js?v=415d4dfb:477:19), <anonymous>:3:33)
    at http://[::1]:5173/node_modules/.vite/deps/alpinejs.js?v=415d4dfb:502:21
    at tryCatch (http://[::1]:5173/node_modules/.vite/deps/alpinejs.js?v=415d4dfb:416:12)
    at http://[::1]:5173/node_modules/.vite/deps/alpinejs.js?v=415d4dfb:3008:17
    at reactiveEffect (http://[::1]:5173/node_modules/.vite/deps/alpinejs.js?v=415d4dfb:1746:16)
    at Object.effect2 [as effect] (http://[::1]:5173/node_modules/.vite/deps/alpinejs.js?v=415d4dfb:1721:5)
    at effect (http://[::1]:5173/node_modules/.vite/deps/alpinejs.js?v=415d4dfb:51:33)
    at wrappedEffect (http://[::1]:5173/node_modules/.vite/deps/alpinejs.js?v=415d4dfb:67:27)
    at Function.<anonymous> (http://[::1]:5173/node_modules/.vite/deps/alpinejs.js?v=415d4dfb:3008:3)
    at flushHandlers (http://[::1]:5173/node_modules/.vite/deps/alpinejs.js?v=415d4dfb:587:46) @ http://[::1]:5173/resources/js/app.js:146
[  163994ms] ReferenceError: sortAsc is not defined
    at [Alpine] !sortAsc (eval at safeAsyncFunction (http://[::1]:5173/node_modules/.vite/deps/alpinejs.js?v=415d4dfb:477:19), <anonymous>:3:33)
    at http://[::1]:5173/node_modules/.vite/deps/alpinejs.js?v=415d4dfb:502:21
    at tryCatch (http://[::1]:5173/node_modules/.vite/deps/alpinejs.js?v=415d4dfb:416:12)
    at http://[::1]:5173/node_modules/.vite/deps/alpinejs.js?v=415d4dfb:3008:17
    at reactiveEffect (http://[::1]:5173/node_modules/.vite/deps/alpinejs.js?v=415d4dfb:1746:16)
    at Object.effect2 [as effect] (http://[::1]:5173/node_modules/.vite/deps/alpinejs.js?v=415d4dfb:1721:5)
    at effect (http://[::1]:5173/node_modules/.vite/deps/alpinejs.js?v=415d4dfb:51:33)
    at wrappedEffect (http://[::1]:5173/node_modules/.vite/deps/alpinejs.js?v=415d4dfb:67:27)
    at Function.<anonymous> (http://[::1]:5173/node_modules/.vite/deps/alpinejs.js?v=415d4dfb:3008:3)
    at flushHandlers (http://[::1]:5173/node_modules/.vite/deps/alpinejs.js?v=415d4dfb:587:46)
[  163994ms] [ERROR] [sopas] error global: ReferenceError: sortAsc is not defined
    at [Alpine] sortAsc (eval at safeAsyncFunction (http://[::1]:5173/node_modules/.vite/deps/alpinejs.js?v=415d4dfb:477:19), <anonymous>:3:32)
    at http://[::1]:5173/node_modules/.vite/deps/alpinejs.js?v=415d4dfb:502:21
    at tryCatch (http://[::1]:5173/node_modules/.vite/deps/alpinejs.js?v=415d4dfb:416:12)
    at http://[::1]:5173/node_modules/.vite/deps/alpinejs.js?v=415d4dfb:3008:17
    at reactiveEffect (http://[::1]:5173/node_modules/.vite/deps/alpinejs.js?v=415d4dfb:1746:16)
    at Object.effect2 [as effect] (http://[::1]:5173/node_modules/.vite/deps/alpinejs.js?v=415d4dfb:1721:5)
    at effect (http://[::1]:5173/node_modules/.vite/deps/alpinejs.js?v=415d4dfb:51:33)
    at wrappedEffect (http://[::1]:5173/node_modules/.vite/deps/alpinejs.js?v=415d4dfb:67:27)
    at Function.<anonymous> (http://[::1]:5173/node_modules/.vite/deps/alpinejs.js?v=415d4dfb:3008:3)
    at flushHandlers (http://[::1]:5173/node_modules/.vite/deps/alpinejs.js?v=415d4dfb:587:46) @ http://[::1]:5173/resources/js/app.js:146
[  163994ms] ReferenceError: sortAsc is not defined
    at [Alpine] sortAsc (eval at safeAsyncFunction (http://[::1]:5173/node_modules/.vite/deps/alpinejs.js?v=415d4dfb:477:19), <anonymous>:3:32)
    at http://[::1]:5173/node_modules/.vite/deps/alpinejs.js?v=415d4dfb:502:21
    at tryCatch (http://[::1]:5173/node_modules/.vite/deps/alpinejs.js?v=415d4dfb:416:12)
    at http://[::1]:5173/node_modules/.vite/deps/alpinejs.js?v=415d4dfb:3008:17
    at reactiveEffect (http://[::1]:5173/node_modules/.vite/deps/alpinejs.js?v=415d4dfb:1746:16)
    at Object.effect2 [as effect] (http://[::1]:5173/node_modules/.vite/deps/alpinejs.js?v=415d4dfb:1721:5)
    at effect (http://[::1]:5173/node_modules/.vite/deps/alpinejs.js?v=415d4dfb:51:33)
    at wrappedEffect (http://[::1]:5173/node_modules/.vite/deps/alpinejs.js?v=415d4dfb:67:27)
    at Function.<anonymous> (http://[::1]:5173/node_modules/.vite/deps/alpinejs.js?v=415d4dfb:3008:3)
    at flushHandlers (http://[::1]:5173/node_modules/.vite/deps/alpinejs.js?v=415d4dfb:587:46)
[  163994ms] [ERROR] [sopas] error global: ReferenceError: sortAsc is not defined
    at [Alpine] !sortAsc (eval at safeAsyncFunction (http://[::1]:5173/node_modules/.vite/deps/alpinejs.js?v=415d4dfb:477:19), <anonymous>:3:33)
    at http://[::1]:5173/node_modules/.vite/deps/alpinejs.js?v=415d4dfb:502:21
    at tryCatch (http://[::1]:5173/node_modules/.vite/deps/alpinejs.js?v=415d4dfb:416:12)
    at http://[::1]:5173/node_modules/.vite/deps/alpinejs.js?v=415d4dfb:3008:17
    at reactiveEffect (http://[::1]:5173/node_modules/.vite/deps/alpinejs.js?v=415d4dfb:1746:16)
    at Object.effect2 [as effect] (http://[::1]:5173/node_modules/.vite/deps/alpinejs.js?v=415d4dfb:1721:5)
    at effect (http://[::1]:5173/node_modules/.vite/deps/alpinejs.js?v=415d4dfb:51:33)
    at wrappedEffect (http://[::1]:5173/node_modules/.vite/deps/alpinejs.js?v=415d4dfb:67:27)
    at Function.<anonymous> (http://[::1]:5173/node_modules/.vite/deps/alpinejs.js?v=415d4dfb:3008:3)
    at flushHandlers (http://[::1]:5173/node_modules/.vite/deps/alpinejs.js?v=415d4dfb:587:46) @ http://[::1]:5173/resources/js/app.js:146
[  163994ms] ReferenceError: sortAsc is not defined
    at [Alpine] !sortAsc (eval at safeAsyncFunction (http://[::1]:5173/node_modules/.vite/deps/alpinejs.js?v=415d4dfb:477:19), <anonymous>:3:33)
    at http://[::1]:5173/node_modules/.vite/deps/alpinejs.js?v=415d4dfb:502:21
    at tryCatch (http://[::1]:5173/node_modules/.vite/deps/alpinejs.js?v=415d4dfb:416:12)
    at http://[::1]:5173/node_modules/.vite/deps/alpinejs.js?v=415d4dfb:3008:17
    at reactiveEffect (http://[::1]:5173/node_modules/.vite/deps/alpinejs.js?v=415d4dfb:1746:16)
    at Object.effect2 [as effect] (http://[::1]:5173/node_modules/.vite/deps/alpinejs.js?v=415d4dfb:1721:5)
    at effect (http://[::1]:5173/node_modules/.vite/deps/alpinejs.js?v=415d4dfb:51:33)
    at wrappedEffect (http://[::1]:5173/node_modules/.vite/deps/alpinejs.js?v=415d4dfb:67:27)
    at Function.<anonymous> (http://[::1]:5173/node_modules/.vite/deps/alpinejs.js?v=415d4dfb:3008:3)
    at flushHandlers (http://[::1]:5173/node_modules/.vite/deps/alpinejs.js?v=415d4dfb:587:46)
[  163994ms] [ERROR] [sopas] error global: ReferenceError: sortAsc is not defined
    at [Alpine] sortAsc (eval at safeAsyncFunction (http://[::1]:5173/node_modules/.vite/deps/alpinejs.js?v=415d4dfb:477:19), <anonymous>:3:32)
    at http://[::1]:5173/node_modules/.vite/deps/alpinejs.js?v=415d4dfb:502:21
    at tryCatch (http://[::1]:5173/node_modules/.vite/deps/alpinejs.js?v=415d4dfb:416:12)
    at http://[::1]:5173/node_modules/.vite/deps/alpinejs.js?v=415d4dfb:3008:17
    at reactiveEffect (http://[::1]:5173/node_modules/.vite/deps/alpinejs.js?v=415d4dfb:1746:16)
    at Object.effect2 [as effect] (http://[::1]:5173/node_modules/.vite/deps/alpinejs.js?v=415d4dfb:1721:5)
    at effect (http://[::1]:5173/node_modules/.vite/deps/alpinejs.js?v=415d4dfb:51:33)
    at wrappedEffect (http://[::1]:5173/node_modules/.vite/deps/alpinejs.js?v=415d4dfb:67:27)
    at Function.<anonymous> (http://[::1]:5173/node_modules/.vite/deps/alpinejs.js?v=415d4dfb:3008:3)
    at flushHandlers (http://[::1]:5173/node_modules/.vite/deps/alpinejs.js?v=415d4dfb:587:46) @ http://[::1]:5173/resources/js/app.js:146
[  163996ms] ReferenceError: sortAsc is not defined
    at [Alpine] sortAsc (eval at safeAsyncFunction (http://[::1]:5173/node_modules/.vite/deps/alpinejs.js?v=415d4dfb:477:19), <anonymous>:3:32)
    at http://[::1]:5173/node_modules/.vite/deps/alpinejs.js?v=415d4dfb:502:21
    at tryCatch (http://[::1]:5173/node_modules/.vite/deps/alpinejs.js?v=415d4dfb:416:12)
    at http://[::1]:5173/node_modules/.vite/deps/alpinejs.js?v=415d4dfb:3008:17
    at reactiveEffect (http://[::1]:5173/node_modules/.vite/deps/alpinejs.js?v=415d4dfb:1746:16)
    at Object.effect2 [as effect] (http://[::1]:5173/node_modules/.vite/deps/alpinejs.js?v=415d4dfb:1721:5)
    at effect (http://[::1]:5173/node_modules/.vite/deps/alpinejs.js?v=415d4dfb:51:33)
    at wrappedEffect (http://[::1]:5173/node_modules/.vite/deps/alpinejs.js?v=415d4dfb:67:27)
    at Function.<anonymous> (http://[::1]:5173/node_modules/.vite/deps/alpinejs.js?v=415d4dfb:3008:3)
    at flushHandlers (http://[::1]:5173/node_modules/.vite/deps/alpinejs.js?v=415d4dfb:587:46)
[  163994ms] [ERROR] [sopas] error global: ReferenceError: sortAsc is not defined
    at [Alpine] !sortAsc (eval at safeAsyncFunction (http://[::1]:5173/node_modules/.vite/deps/alpinejs.js?v=415d4dfb:477:19), <anonymous>:3:33)
    at http://[::1]:5173/node_modules/.vite/deps/alpinejs.js?v=415d4dfb:502:21
    at tryCatch (http://[::1]:5173/node_modules/.vite/deps/alpinejs.js?v=415d4dfb:416:12)
    at http://[::1]:5173/node_modules/.vite/deps/alpinejs.js?v=415d4dfb:3008:17
    at reactiveEffect (http://[::1]:5173/node_modules/.vite/deps/alpinejs.js?v=415d4dfb:1746:16)
    at Object.effect2 [as effect] (http://[::1]:5173/node_modules/.vite/deps/alpinejs.js?v=415d4dfb:1721:5)
    at effect (http://[::1]:5173/node_modules/.vite/deps/alpinejs.js?v=415d4dfb:51:33)
    at wrappedEffect (http://[::1]:5173/node_modules/.vite/deps/alpinejs.js?v=415d4dfb:67:27)
    at Function.<anonymous> (http://[::1]:5173/node_modules/.vite/deps/alpinejs.js?v=415d4dfb:3008:3)
    at flushHandlers (http://[::1]:5173/node_modules/.vite/deps/alpinejs.js?v=415d4dfb:587:46) @ http://[::1]:5173/resources/js/app.js:146
[  163996ms] ReferenceError: sortAsc is not defined
    at [Alpine] !sortAsc (eval at safeAsyncFunction (http://[::1]:5173/node_modules/.vite/deps/alpinejs.js?v=415d4dfb:477:19), <anonymous>:3:33)
    at http://[::1]:5173/node_modules/.vite/deps/alpinejs.js?v=415d4dfb:502:21
    at tryCatch (http://[::1]:5173/node_modules/.vite/deps/alpinejs.js?v=415d4dfb:416:12)
    at http://[::1]:5173/node_modules/.vite/deps/alpinejs.js?v=415d4dfb:3008:17
    at reactiveEffect (http://[::1]:5173/node_modules/.vite/deps/alpinejs.js?v=415d4dfb:1746:16)
    at Object.effect2 [as effect] (http://[::1]:5173/node_modules/.vite/deps/alpinejs.js?v=415d4dfb:1721:5)
    at effect (http://[::1]:5173/node_modules/.vite/deps/alpinejs.js?v=415d4dfb:51:33)
    at wrappedEffect (http://[::1]:5173/node_modules/.vite/deps/alpinejs.js?v=415d4dfb:67:27)
    at Function.<anonymous> (http://[::1]:5173/node_modules/.vite/deps/alpinejs.js?v=415d4dfb:3008:3)
    at flushHandlers (http://[::1]:5173/node_modules/.vite/deps/alpinejs.js?v=415d4dfb:587:46)
[  163995ms] [ERROR] [sopas] error global: ReferenceError: sortAsc is not defined
    at [Alpine] sortAsc (eval at safeAsyncFunction (http://[::1]:5173/node_modules/.vite/deps/alpinejs.js?v=415d4dfb:477:19), <anonymous>:3:32)
    at http://[::1]:5173/node_modules/.vite/deps/alpinejs.js?v=415d4dfb:502:21
    at tryCatch (http://[::1]:5173/node_modules/.vite/deps/alpinejs.js?v=415d4dfb:416:12)
    at http://[::1]:5173/node_modules/.vite/deps/alpinejs.js?v=415d4dfb:3008:17
    at reactiveEffect (http://[::1]:5173/node_modules/.vite/deps/alpinejs.js?v=415d4dfb:1746:16)
    at Object.effect2 [as effect] (http://[::1]:5173/node_modules/.vite/deps/alpinejs.js?v=415d4dfb:1721:5)
    at effect (http://[::1]:5173/node_modules/.vite/deps/alpinejs.js?v=415d4dfb:51:33)
    at wrappedEffect (http://[::1]:5173/node_modules/.vite/deps/alpinejs.js?v=415d4dfb:67:27)
    at Function.<anonymous> (http://[::1]:5173/node_modules/.vite/deps/alpinejs.js?v=415d4dfb:3008:3)
    at flushHandlers (http://[::1]:5173/node_modules/.vite/deps/alpinejs.js?v=415d4dfb:587:46) @ http://[::1]:5173/resources/js/app.js:146
[  163996ms] ReferenceError: sortAsc is not defined
    at [Alpine] sortAsc (eval at safeAsyncFunction (http://[::1]:5173/node_modules/.vite/deps/alpinejs.js?v=415d4dfb:477:19), <anonymous>:3:32)
    at http://[::1]:5173/node_modules/.vite/deps/alpinejs.js?v=415d4dfb:502:21
    at tryCatch (http://[::1]:5173/node_modules/.vite/deps/alpinejs.js?v=415d4dfb:416:12)
    at http://[::1]:5173/node_modules/.vite/deps/alpinejs.js?v=415d4dfb:3008:17
    at reactiveEffect (http://[::1]:5173/node_modules/.vite/deps/alpinejs.js?v=415d4dfb:1746:16)
    at Object.effect2 [as effect] (http://[::1]:5173/node_modules/.vite/deps/alpinejs.js?v=415d4dfb:1721:5)
    at effect (http://[::1]:5173/node_modules/.vite/deps/alpinejs.js?v=415d4dfb:51:33)
    at wrappedEffect (http://[::1]:5173/node_modules/.vite/deps/alpinejs.js?v=415d4dfb:67:27)
    at Function.<anonymous> (http://[::1]:5173/node_modules/.vite/deps/alpinejs.js?v=415d4dfb:3008:3)
    at flushHandlers (http://[::1]:5173/node_modules/.vite/deps/alpinejs.js?v=415d4dfb:587:46)
[  163995ms] [ERROR] [sopas] error global: ReferenceError: sortAsc is not defined
    at [Alpine] !sortAsc (eval at safeAsyncFunction (http://[::1]:5173/node_modules/.vite/deps/alpinejs.js?v=415d4dfb:477:19), <anonymous>:3:33)
    at http://[::1]:5173/node_modules/.vite/deps/alpinejs.js?v=415d4dfb:502:21
    at tryCatch (http://[::1]:5173/node_modules/.vite/deps/alpinejs.js?v=415d4dfb:416:12)
    at http://[::1]:5173/node_modules/.vite/deps/alpinejs.js?v=415d4dfb:3008:17
    at reactiveEffect (http://[::1]:5173/node_modules/.vite/deps/alpinejs.js?v=415d4dfb:1746:16)
    at Object.effect2 [as effect] (http://[::1]:5173/node_modules/.vite/deps/alpinejs.js?v=415d4dfb:1721:5)
    at effect (http://[::1]:5173/node_modules/.vite/deps/alpinejs.js?v=415d4dfb:51:33)
    at wrappedEffect (http://[::1]:5173/node_modules/.vite/deps/alpinejs.js?v=415d4dfb:67:27)
    at Function.<anonymous> (http://[::1]:5173/node_modules/.vite/deps/alpinejs.js?v=415d4dfb:3008:3)
    at flushHandlers (http://[::1]:5173/node_modules/.vite/deps/alpinejs.js?v=415d4dfb:587:46) @ http://[::1]:5173/resources/js/app.js:146
[  163998ms] ReferenceError: sortAsc is not defined
    at [Alpine] !sortAsc (eval at safeAsyncFunction (http://[::1]:5173/node_modules/.vite/deps/alpinejs.js?v=415d4dfb:477:19), <anonymous>:3:33)
    at http://[::1]:5173/node_modules/.vite/deps/alpinejs.js?v=415d4dfb:502:21
    at tryCatch (http://[::1]:5173/node_modules/.vite/deps/alpinejs.js?v=415d4dfb:416:12)
    at http://[::1]:5173/node_modules/.vite/deps/alpinejs.js?v=415d4dfb:3008:17
    at reactiveEffect (http://[::1]:5173/node_modules/.vite/deps/alpinejs.js?v=415d4dfb:1746:16)
    at Object.effect2 [as effect] (http://[::1]:5173/node_modules/.vite/deps/alpinejs.js?v=415d4dfb:1721:5)
    at effect (http://[::1]:5173/node_modules/.vite/deps/alpinejs.js?v=415d4dfb:51:33)
    at wrappedEffect (http://[::1]:5173/node_modules/.vite/deps/alpinejs.js?v=415d4dfb:67:27)
    at Function.<anonymous> (http://[::1]:5173/node_modules/.vite/deps/alpinejs.js?v=415d4dfb:3008:3)
    at flushHandlers (http://[::1]:5173/node_modules/.vite/deps/alpinejs.js?v=415d4dfb:587:46)
[  170969ms] [WARNING] Alpine Expression Error: Invalid or unexpected token

Expression: "{
            ventas: @js($ventasData),
            csrf: 'QCTnic32KmOJX22PB1kYUcd20AZ3rGd8HUFBvmeW',
            open: null,
            sortKey: 'ts', sortAsc: false,
            page: 1, perPage: 25,
            sort(k) { this.sortKey === k ? (this.sortAsc = !this.sortAsc) : (this.sortKey = k, this.sortAsc = true); this.page = 1; },
            get sorted() {
                const k = this.sortKey, dir = this.sortAsc ? 1 : -1;
                return [...this.ventas].sort((a, b) => {
                    const x = a[k], y = b[k];
                    return (typeof x === 'number' && typeof y === 'number')
                        ? (x - y) * dir
                        : String(x).localeCompare(String(y), 'es', { numeric: true }) * dir;
                });
            },
            get effPerPage() { return this.perPage === 0 ? Math.max(this.sorted.length, 1) : this.perPage; },
            get pages() { return Math.max(1, Math.ceil(this.sorted.length / this.effPerPage)); },
            get pageRows() { const s = (this.page - 1) * this.effPerPage; return this.sorted.slice(s, s + this.effPerPage); },
            fmt(n) { return new Intl.NumberFormat('es-CO').format(n); },
            confirmDelete(e) { if (!confirm('¿Eliminar esta venta?')) e.preventDefault(); },
        }"

 JSHandle@node @ http://[::1]:5173/node_modules/.vite/deps/alpinejs.js?v=415d4dfb:425
[  170971ms] [WARNING] Alpine Expression Error: ventas is not defined

Expression: "`(${ventas.length})`"

 JSHandle@node @ http://[::1]:5173/node_modules/.vite/deps/alpinejs.js?v=415d4dfb:425
[  170971ms] [WARNING] Alpine Expression Error: sortKey is not defined

Expression: "sortKey === 'ts'"

 JSHandle@node @ http://[::1]:5173/node_modules/.vite/deps/alpinejs.js?v=415d4dfb:425
[  170971ms] [WARNING] Alpine Expression Error: sortAsc is not defined

Expression: "sortAsc"

 JSHandle@node @ http://[::1]:5173/node_modules/.vite/deps/alpinejs.js?v=415d4dfb:425
[  170971ms] [WARNING] Alpine Expression Error: sortAsc is not defined

Expression: "!sortAsc"

 JSHandle@node @ http://[::1]:5173/node_modules/.vite/deps/alpinejs.js?v=415d4dfb:425
[  170971ms] [WARNING] Alpine Expression Error: sortKey is not defined

Expression: "sortKey === 'cajero'"

 JSHandle@node @ http://[::1]:5173/node_modules/.vite/deps/alpinejs.js?v=415d4dfb:425
[  170971ms] [WARNING] Alpine Expression Error: sortAsc is not defined

Expression: "sortAsc"

 JSHandle@node @ http://[::1]:5173/node_modules/.vite/deps/alpinejs.js?v=415d4dfb:425
[  170971ms] [WARNING] Alpine Expression Error: sortAsc is not defined

Expression: "!sortAsc"

 JSHandle@node @ http://[::1]:5173/node_modules/.vite/deps/alpinejs.js?v=415d4dfb:425
[  170971ms] [WARNING] Alpine Expression Error: sortKey is not defined

Expression: "sortKey === 'items_count'"

 JSHandle@node @ http://[::1]:5173/node_modules/.vite/deps/alpinejs.js?v=415d4dfb:425
[  170972ms] [WARNING] Alpine Expression Error: sortAsc is not defined

Expression: "sortAsc"

 JSHandle@node @ http://[::1]:5173/node_modules/.vite/deps/alpinejs.js?v=415d4dfb:425
[  170972ms] [WARNING] Alpine Expression Error: sortAsc is not defined

Expression: "!sortAsc"

 JSHandle@node @ http://[::1]:5173/node_modules/.vite/deps/alpinejs.js?v=415d4dfb:425
[  170972ms] [WARNING] Alpine Expression Error: sortKey is not defined

Expression: "sortKey === 'total'"

 JSHandle@node @ http://[::1]:5173/node_modules/.vite/deps/alpinejs.js?v=415d4dfb:425
[  170972ms] [WARNING] Alpine Expression Error: sortAsc is not defined

Expression: "sortAsc"

 JSHandle@node @ http://[::1]:5173/node_modules/.vite/deps/alpinejs.js?v=415d4dfb:425
[  170972ms] [WARNING] Alpine Expression Error: sortAsc is not defined

Expression: "!sortAsc"

 JSHandle@node @ http://[::1]:5173/node_modules/.vite/deps/alpinejs.js?v=415d4dfb:425
[  170972ms] [WARNING] Alpine Expression Error: sortKey is not defined

Expression: "sortKey === 'cambio'"

 JSHandle@node @ http://[::1]:5173/node_modules/.vite/deps/alpinejs.js?v=415d4dfb:425
[  170972ms] [WARNING] Alpine Expression Error: sortAsc is not defined

Expression: "sortAsc"

 JSHandle@node @ http://[::1]:5173/node_modules/.vite/deps/alpinejs.js?v=415d4dfb:425
[  170972ms] [WARNING] Alpine Expression Error: sortAsc is not defined

Expression: "!sortAsc"

 JSHandle@node @ http://[::1]:5173/node_modules/.vite/deps/alpinejs.js?v=415d4dfb:425
[  170972ms] [WARNING] Alpine Expression Error: pageRows is not defined

Expression: "pageRows"

 JSHandle@node @ http://[::1]:5173/node_modules/.vite/deps/alpinejs.js?v=415d4dfb:425
[  170972ms] [WARNING] Alpine Expression Error: ventas is not defined

Expression: "ventas.length === 0"

 JSHandle@node @ http://[::1]:5173/node_modules/.vite/deps/alpinejs.js?v=415d4dfb:425
[  170972ms] [WARNING] Alpine Expression Error: ventas is not defined

Expression: "ventas.length > 0"

 JSHandle@node @ http://[::1]:5173/node_modules/.vite/deps/alpinejs.js?v=415d4dfb:425
[  170972ms] [WARNING] Alpine Expression Error: perPage is not defined

Expression: "perPage"

 JSHandle@node @ http://[::1]:5173/node_modules/.vite/deps/alpinejs.js?v=415d4dfb:425
[  170972ms] [WARNING] Alpine Expression Error: page is not defined

Expression: "`Página ${page} de ${pages}`"

 JSHandle@node @ http://[::1]:5173/node_modules/.vite/deps/alpinejs.js?v=415d4dfb:425
[  170972ms] [WARNING] Alpine Expression Error: page is not defined

Expression: "page === 1"

 JSHandle@node @ http://[::1]:5173/node_modules/.vite/deps/alpinejs.js?v=415d4dfb:425
[  170972ms] [WARNING] Alpine Expression Error: page is not defined

Expression: "page === pages"

 JSHandle@node @ http://[::1]:5173/node_modules/.vite/deps/alpinejs.js?v=415d4dfb:425
[  170987ms] [WARNING] Alpine Expression Error: sortAsc is not defined

Expression: "sortAsc"

 JSHandle@node @ http://[::1]:5173/node_modules/.vite/deps/alpinejs.js?v=415d4dfb:425
[  170987ms] [WARNING] Alpine Expression Error: sortAsc is not defined

Expression: "!sortAsc"

 JSHandle@node @ http://[::1]:5173/node_modules/.vite/deps/alpinejs.js?v=415d4dfb:425
[  170987ms] [WARNING] Alpine Expression Error: sortAsc is not defined

Expression: "sortAsc"

 JSHandle@node @ http://[::1]:5173/node_modules/.vite/deps/alpinejs.js?v=415d4dfb:425
[  170987ms] [WARNING] Alpine Expression Error: sortAsc is not defined

Expression: "!sortAsc"

 JSHandle@node @ http://[::1]:5173/node_modules/.vite/deps/alpinejs.js?v=415d4dfb:425
[  170987ms] [WARNING] Alpine Expression Error: sortAsc is not defined

Expression: "sortAsc"

 JSHandle@node @ http://[::1]:5173/node_modules/.vite/deps/alpinejs.js?v=415d4dfb:425
[  170987ms] [WARNING] Alpine Expression Error: sortAsc is not defined

Expression: "!sortAsc"

 JSHandle@node @ http://[::1]:5173/node_modules/.vite/deps/alpinejs.js?v=415d4dfb:425
[  170987ms] [WARNING] Alpine Expression Error: sortAsc is not defined

Expression: "sortAsc"

 JSHandle@node @ http://[::1]:5173/node_modules/.vite/deps/alpinejs.js?v=415d4dfb:425
[  170987ms] [WARNING] Alpine Expression Error: sortAsc is not defined

Expression: "!sortAsc"

 JSHandle@node @ http://[::1]:5173/node_modules/.vite/deps/alpinejs.js?v=415d4dfb:425
[  170988ms] [WARNING] Alpine Expression Error: sortAsc is not defined

Expression: "sortAsc"

 JSHandle@node @ http://[::1]:5173/node_modules/.vite/deps/alpinejs.js?v=415d4dfb:425
[  170988ms] [WARNING] Alpine Expression Error: sortAsc is not defined

Expression: "!sortAsc"

 JSHandle@node @ http://[::1]:5173/node_modules/.vite/deps/alpinejs.js?v=415d4dfb:425
[  170994ms] [ERROR] [sopas] error global: SyntaxError: Invalid or unexpected token
    at new AsyncFunction (<anonymous>)
    at safeAsyncFunction (http://[::1]:5173/node_modules/.vite/deps/alpinejs.js?v=415d4dfb:477:19)
    at generateFunctionFromString (http://[::1]:5173/node_modules/.vite/deps/alpinejs.js?v=415d4dfb:490:14)
    at generateEvaluatorFromString (http://[::1]:5173/node_modules/.vite/deps/alpinejs.js?v=415d4dfb:495:14)
    at normalEvaluator (http://[::1]:5173/node_modules/.vite/deps/alpinejs.js?v=415d4dfb:457:109)
    at evaluateLater (http://[::1]:5173/node_modules/.vite/deps/alpinejs.js?v=415d4dfb:447:10)
    at evaluate (http://[::1]:5173/node_modules/.vite/deps/alpinejs.js?v=415d4dfb:443:3)
    at Function.<anonymous> (http://[::1]:5173/node_modules/.vite/deps/alpinejs.js?v=415d4dfb:2943:15)
    at flushHandlers (http://[::1]:5173/node_modules/.vite/deps/alpinejs.js?v=415d4dfb:587:46)
    at stopDeferring (http://[::1]:5173/node_modules/.vite/deps/alpinejs.js?v=415d4dfb:592:5) @ http://[::1]:5173/resources/js/app.js:146
[  170994ms] SyntaxError: Invalid or unexpected token
    at new AsyncFunction (<anonymous>)
    at safeAsyncFunction (http://[::1]:5173/node_modules/.vite/deps/alpinejs.js?v=415d4dfb:477:19)
    at generateFunctionFromString (http://[::1]:5173/node_modules/.vite/deps/alpinejs.js?v=415d4dfb:490:14)
    at generateEvaluatorFromString (http://[::1]:5173/node_modules/.vite/deps/alpinejs.js?v=415d4dfb:495:14)
    at normalEvaluator (http://[::1]:5173/node_modules/.vite/deps/alpinejs.js?v=415d4dfb:457:109)
    at evaluateLater (http://[::1]:5173/node_modules/.vite/deps/alpinejs.js?v=415d4dfb:447:10)
    at evaluate (http://[::1]:5173/node_modules/.vite/deps/alpinejs.js?v=415d4dfb:443:3)
    at Function.<anonymous> (http://[::1]:5173/node_modules/.vite/deps/alpinejs.js?v=415d4dfb:2943:15)
    at flushHandlers (http://[::1]:5173/node_modules/.vite/deps/alpinejs.js?v=415d4dfb:587:46)
    at stopDeferring (http://[::1]:5173/node_modules/.vite/deps/alpinejs.js?v=415d4dfb:592:5)
[  170995ms] [ERROR] [sopas] error global: ReferenceError: ventas is not defined
    at [Alpine] `(${ventas.length})` (eval at safeAsyncFunction (http://[::1]:5173/node_modules/.vite/deps/alpinejs.js?v=415d4dfb:477:19), <anonymous>:3:36)
    at http://[::1]:5173/node_modules/.vite/deps/alpinejs.js?v=415d4dfb:502:21
    at tryCatch (http://[::1]:5173/node_modules/.vite/deps/alpinejs.js?v=415d4dfb:416:12)
    at http://[::1]:5173/node_modules/.vite/deps/alpinejs.js?v=415d4dfb:2875:5
    at reactiveEffect (http://[::1]:5173/node_modules/.vite/deps/alpinejs.js?v=415d4dfb:1746:16)
    at Object.effect2 [as effect] (http://[::1]:5173/node_modules/.vite/deps/alpinejs.js?v=415d4dfb:1721:5)
    at effect (http://[::1]:5173/node_modules/.vite/deps/alpinejs.js?v=415d4dfb:51:33)
    at wrappedEffect (http://[::1]:5173/node_modules/.vite/deps/alpinejs.js?v=415d4dfb:67:27)
    at Function.<anonymous> (http://[::1]:5173/node_modules/.vite/deps/alpinejs.js?v=415d4dfb:2874:3)
    at flushHandlers (http://[::1]:5173/node_modules/.vite/deps/alpinejs.js?v=415d4dfb:587:46) @ http://[::1]:5173/resources/js/app.js:146
[  170995ms] ReferenceError: ventas is not defined
    at [Alpine] `(${ventas.length})` (eval at safeAsyncFunction (http://[::1]:5173/node_modules/.vite/deps/alpinejs.js?v=415d4dfb:477:19), <anonymous>:3:36)
    at http://[::1]:5173/node_modules/.vite/deps/alpinejs.js?v=415d4dfb:502:21
    at tryCatch (http://[::1]:5173/node_modules/.vite/deps/alpinejs.js?v=415d4dfb:416:12)
    at http://[::1]:5173/node_modules/.vite/deps/alpinejs.js?v=415d4dfb:2875:5
    at reactiveEffect (http://[::1]:5173/node_modules/.vite/deps/alpinejs.js?v=415d4dfb:1746:16)
    at Object.effect2 [as effect] (http://[::1]:5173/node_modules/.vite/deps/alpinejs.js?v=415d4dfb:1721:5)
    at effect (http://[::1]:5173/node_modules/.vite/deps/alpinejs.js?v=415d4dfb:51:33)
    at wrappedEffect (http://[::1]:5173/node_modules/.vite/deps/alpinejs.js?v=415d4dfb:67:27)
    at Function.<anonymous> (http://[::1]:5173/node_modules/.vite/deps/alpinejs.js?v=415d4dfb:2874:3)
    at flushHandlers (http://[::1]:5173/node_modules/.vite/deps/alpinejs.js?v=415d4dfb:587:46)
[  170995ms] [ERROR] [sopas] error global: ReferenceError: sortKey is not defined
    at [Alpine] sortKey === 'ts' (eval at safeAsyncFunction (http://[::1]:5173/node_modules/.vite/deps/alpinejs.js?v=415d4dfb:477:19), <anonymous>:3:32)
    at http://[::1]:5173/node_modules/.vite/deps/alpinejs.js?v=415d4dfb:502:21
    at tryCatch (http://[::1]:5173/node_modules/.vite/deps/alpinejs.js?v=415d4dfb:416:12)
    at http://[::1]:5173/node_modules/.vite/deps/alpinejs.js?v=415d4dfb:3008:17
    at reactiveEffect (http://[::1]:5173/node_modules/.vite/deps/alpinejs.js?v=415d4dfb:1746:16)
    at Object.effect2 [as effect] (http://[::1]:5173/node_modules/.vite/deps/alpinejs.js?v=415d4dfb:1721:5)
    at effect (http://[::1]:5173/node_modules/.vite/deps/alpinejs.js?v=415d4dfb:51:33)
    at wrappedEffect (http://[::1]:5173/node_modules/.vite/deps/alpinejs.js?v=415d4dfb:67:27)
    at Function.<anonymous> (http://[::1]:5173/node_modules/.vite/deps/alpinejs.js?v=415d4dfb:3008:3)
    at flushHandlers (http://[::1]:5173/node_modules/.vite/deps/alpinejs.js?v=415d4dfb:587:46) @ http://[::1]:5173/resources/js/app.js:146
[  170995ms] ReferenceError: sortKey is not defined
    at [Alpine] sortKey === 'ts' (eval at safeAsyncFunction (http://[::1]:5173/node_modules/.vite/deps/alpinejs.js?v=415d4dfb:477:19), <anonymous>:3:32)
    at http://[::1]:5173/node_modules/.vite/deps/alpinejs.js?v=415d4dfb:502:21
    at tryCatch (http://[::1]:5173/node_modules/.vite/deps/alpinejs.js?v=415d4dfb:416:12)
    at http://[::1]:5173/node_modules/.vite/deps/alpinejs.js?v=415d4dfb:3008:17
    at reactiveEffect (http://[::1]:5173/node_modules/.vite/deps/alpinejs.js?v=415d4dfb:1746:16)
    at Object.effect2 [as effect] (http://[::1]:5173/node_modules/.vite/deps/alpinejs.js?v=415d4dfb:1721:5)
    at effect (http://[::1]:5173/node_modules/.vite/deps/alpinejs.js?v=415d4dfb:51:33)
    at wrappedEffect (http://[::1]:5173/node_modules/.vite/deps/alpinejs.js?v=415d4dfb:67:27)
    at Function.<anonymous> (http://[::1]:5173/node_modules/.vite/deps/alpinejs.js?v=415d4dfb:3008:3)
    at flushHandlers (http://[::1]:5173/node_modules/.vite/deps/alpinejs.js?v=415d4dfb:587:46)
[  170996ms] [ERROR] [sopas] error global: ReferenceError: sortAsc is not defined
    at [Alpine] sortAsc (eval at safeAsyncFunction (http://[::1]:5173/node_modules/.vite/deps/alpinejs.js?v=415d4dfb:477:19), <anonymous>:3:32)
    at http://[::1]:5173/node_modules/.vite/deps/alpinejs.js?v=415d4dfb:502:21
    at tryCatch (http://[::1]:5173/node_modules/.vite/deps/alpinejs.js?v=415d4dfb:416:12)
    at http://[::1]:5173/node_modules/.vite/deps/alpinejs.js?v=415d4dfb:3008:17
    at reactiveEffect (http://[::1]:5173/node_modules/.vite/deps/alpinejs.js?v=415d4dfb:1746:16)
    at Object.effect2 [as effect] (http://[::1]:5173/node_modules/.vite/deps/alpinejs.js?v=415d4dfb:1721:5)
    at effect (http://[::1]:5173/node_modules/.vite/deps/alpinejs.js?v=415d4dfb:51:33)
    at wrappedEffect (http://[::1]:5173/node_modules/.vite/deps/alpinejs.js?v=415d4dfb:67:27)
    at Function.<anonymous> (http://[::1]:5173/node_modules/.vite/deps/alpinejs.js?v=415d4dfb:3008:3)
    at flushHandlers (http://[::1]:5173/node_modules/.vite/deps/alpinejs.js?v=415d4dfb:587:46) @ http://[::1]:5173/resources/js/app.js:146
[  170996ms] ReferenceError: sortAsc is not defined
    at [Alpine] sortAsc (eval at safeAsyncFunction (http://[::1]:5173/node_modules/.vite/deps/alpinejs.js?v=415d4dfb:477:19), <anonymous>:3:32)
    at http://[::1]:5173/node_modules/.vite/deps/alpinejs.js?v=415d4dfb:502:21
    at tryCatch (http://[::1]:5173/node_modules/.vite/deps/alpinejs.js?v=415d4dfb:416:12)
    at http://[::1]:5173/node_modules/.vite/deps/alpinejs.js?v=415d4dfb:3008:17
    at reactiveEffect (http://[::1]:5173/node_modules/.vite/deps/alpinejs.js?v=415d4dfb:1746:16)
    at Object.effect2 [as effect] (http://[::1]:5173/node_modules/.vite/deps/alpinejs.js?v=415d4dfb:1721:5)
    at effect (http://[::1]:5173/node_modules/.vite/deps/alpinejs.js?v=415d4dfb:51:33)
    at wrappedEffect (http://[::1]:5173/node_modules/.vite/deps/alpinejs.js?v=415d4dfb:67:27)
    at Function.<anonymous> (http://[::1]:5173/node_modules/.vite/deps/alpinejs.js?v=415d4dfb:3008:3)
    at flushHandlers (http://[::1]:5173/node_modules/.vite/deps/alpinejs.js?v=415d4dfb:587:46)
[  170996ms] [ERROR] [sopas] error global: ReferenceError: sortAsc is not defined
    at [Alpine] !sortAsc (eval at safeAsyncFunction (http://[::1]:5173/node_modules/.vite/deps/alpinejs.js?v=415d4dfb:477:19), <anonymous>:3:33)
    at http://[::1]:5173/node_modules/.vite/deps/alpinejs.js?v=415d4dfb:502:21
    at tryCatch (http://[::1]:5173/node_modules/.vite/deps/alpinejs.js?v=415d4dfb:416:12)
    at http://[::1]:5173/node_modules/.vite/deps/alpinejs.js?v=415d4dfb:3008:17
    at reactiveEffect (http://[::1]:5173/node_modules/.vite/deps/alpinejs.js?v=415d4dfb:1746:16)
    at Object.effect2 [as effect] (http://[::1]:5173/node_modules/.vite/deps/alpinejs.js?v=415d4dfb:1721:5)
    at effect (http://[::1]:5173/node_modules/.vite/deps/alpinejs.js?v=415d4dfb:51:33)
    at wrappedEffect (http://[::1]:5173/node_modules/.vite/deps/alpinejs.js?v=415d4dfb:67:27)
    at Function.<anonymous> (http://[::1]:5173/node_modules/.vite/deps/alpinejs.js?v=415d4dfb:3008:3)
    at flushHandlers (http://[::1]:5173/node_modules/.vite/deps/alpinejs.js?v=415d4dfb:587:46) @ http://[::1]:5173/resources/js/app.js:146
[  170998ms] ReferenceError: sortAsc is not defined
    at [Alpine] !sortAsc (eval at safeAsyncFunction (http://[::1]:5173/node_modules/.vite/deps/alpinejs.js?v=415d4dfb:477:19), <anonymous>:3:33)
    at http://[::1]:5173/node_modules/.vite/deps/alpinejs.js?v=415d4dfb:502:21
    at tryCatch (http://[::1]:5173/node_modules/.vite/deps/alpinejs.js?v=415d4dfb:416:12)
    at http://[::1]:5173/node_modules/.vite/deps/alpinejs.js?v=415d4dfb:3008:17
    at reactiveEffect (http://[::1]:5173/node_modules/.vite/deps/alpinejs.js?v=415d4dfb:1746:16)
    at Object.effect2 [as effect] (http://[::1]:5173/node_modules/.vite/deps/alpinejs.js?v=415d4dfb:1721:5)
    at effect (http://[::1]:5173/node_modules/.vite/deps/alpinejs.js?v=415d4dfb:51:33)
    at wrappedEffect (http://[::1]:5173/node_modules/.vite/deps/alpinejs.js?v=415d4dfb:67:27)
    at Function.<anonymous> (http://[::1]:5173/node_modules/.vite/deps/alpinejs.js?v=415d4dfb:3008:3)
    at flushHandlers (http://[::1]:5173/node_modules/.vite/deps/alpinejs.js?v=415d4dfb:587:46)
[  170996ms] [ERROR] [sopas] error global: ReferenceError: sortKey is not defined
    at [Alpine] sortKey === 'cajero' (eval at safeAsyncFunction (http://[::1]:5173/node_modules/.vite/deps/alpinejs.js?v=415d4dfb:477:19), <anonymous>:3:32)
    at http://[::1]:5173/node_modules/.vite/deps/alpinejs.js?v=415d4dfb:502:21
    at tryCatch (http://[::1]:5173/node_modules/.vite/deps/alpinejs.js?v=415d4dfb:416:12)
    at http://[::1]:5173/node_modules/.vite/deps/alpinejs.js?v=415d4dfb:3008:17
    at reactiveEffect (http://[::1]:5173/node_modules/.vite/deps/alpinejs.js?v=415d4dfb:1746:16)
    at Object.effect2 [as effect] (http://[::1]:5173/node_modules/.vite/deps/alpinejs.js?v=415d4dfb:1721:5)
    at effect (http://[::1]:5173/node_modules/.vite/deps/alpinejs.js?v=415d4dfb:51:33)
    at wrappedEffect (http://[::1]:5173/node_modules/.vite/deps/alpinejs.js?v=415d4dfb:67:27)
    at Function.<anonymous> (http://[::1]:5173/node_modules/.vite/deps/alpinejs.js?v=415d4dfb:3008:3)
    at flushHandlers (http://[::1]:5173/node_modules/.vite/deps/alpinejs.js?v=415d4dfb:587:46) @ http://[::1]:5173/resources/js/app.js:146
[  170998ms] ReferenceError: sortKey is not defined
    at [Alpine] sortKey === 'cajero' (eval at safeAsyncFunction (http://[::1]:5173/node_modules/.vite/deps/alpinejs.js?v=415d4dfb:477:19), <anonymous>:3:32)
    at http://[::1]:5173/node_modules/.vite/deps/alpinejs.js?v=415d4dfb:502:21
    at tryCatch (http://[::1]:5173/node_modules/.vite/deps/alpinejs.js?v=415d4dfb:416:12)
    at http://[::1]:5173/node_modules/.vite/deps/alpinejs.js?v=415d4dfb:3008:17
    at reactiveEffect (http://[::1]:5173/node_modules/.vite/deps/alpinejs.js?v=415d4dfb:1746:16)
    at Object.effect2 [as effect] (http://[::1]:5173/node_modules/.vite/deps/alpinejs.js?v=415d4dfb:1721:5)
    at effect (http://[::1]:5173/node_modules/.vite/deps/alpinejs.js?v=415d4dfb:51:33)
    at wrappedEffect (http://[::1]:5173/node_modules/.vite/deps/alpinejs.js?v=415d4dfb:67:27)
    at Function.<anonymous> (http://[::1]:5173/node_modules/.vite/deps/alpinejs.js?v=415d4dfb:3008:3)
    at flushHandlers (http://[::1]:5173/node_modules/.vite/deps/alpinejs.js?v=415d4dfb:587:46)
[  170996ms] [ERROR] [sopas] error global: ReferenceError: sortAsc is not defined
    at [Alpine] sortAsc (eval at safeAsyncFunction (http://[::1]:5173/node_modules/.vite/deps/alpinejs.js?v=415d4dfb:477:19), <anonymous>:3:32)
    at http://[::1]:5173/node_modules/.vite/deps/alpinejs.js?v=415d4dfb:502:21
    at tryCatch (http://[::1]:5173/node_modules/.vite/deps/alpinejs.js?v=415d4dfb:416:12)
    at http://[::1]:5173/node_modules/.vite/deps/alpinejs.js?v=415d4dfb:3008:17
    at reactiveEffect (http://[::1]:5173/node_modules/.vite/deps/alpinejs.js?v=415d4dfb:1746:16)
    at Object.effect2 [as effect] (http://[::1]:5173/node_modules/.vite/deps/alpinejs.js?v=415d4dfb:1721:5)
    at effect (http://[::1]:5173/node_modules/.vite/deps/alpinejs.js?v=415d4dfb:51:33)
    at wrappedEffect (http://[::1]:5173/node_modules/.vite/deps/alpinejs.js?v=415d4dfb:67:27)
    at Function.<anonymous> (http://[::1]:5173/node_modules/.vite/deps/alpinejs.js?v=415d4dfb:3008:3)
    at flushHandlers (http://[::1]:5173/node_modules/.vite/deps/alpinejs.js?v=415d4dfb:587:46) @ http://[::1]:5173/resources/js/app.js:146
[  170998ms] ReferenceError: sortAsc is not defined
    at [Alpine] sortAsc (eval at safeAsyncFunction (http://[::1]:5173/node_modules/.vite/deps/alpinejs.js?v=415d4dfb:477:19), <anonymous>:3:32)
    at http://[::1]:5173/node_modules/.vite/deps/alpinejs.js?v=415d4dfb:502:21
    at tryCatch (http://[::1]:5173/node_modules/.vite/deps/alpinejs.js?v=415d4dfb:416:12)
    at http://[::1]:5173/node_modules/.vite/deps/alpinejs.js?v=415d4dfb:3008:17
    at reactiveEffect (http://[::1]:5173/node_modules/.vite/deps/alpinejs.js?v=415d4dfb:1746:16)
    at Object.effect2 [as effect] (http://[::1]:5173/node_modules/.vite/deps/alpinejs.js?v=415d4dfb:1721:5)
    at effect (http://[::1]:5173/node_modules/.vite/deps/alpinejs.js?v=415d4dfb:51:33)
    at wrappedEffect (http://[::1]:5173/node_modules/.vite/deps/alpinejs.js?v=415d4dfb:67:27)
    at Function.<anonymous> (http://[::1]:5173/node_modules/.vite/deps/alpinejs.js?v=415d4dfb:3008:3)
    at flushHandlers (http://[::1]:5173/node_modules/.vite/deps/alpinejs.js?v=415d4dfb:587:46)
[  170997ms] [ERROR] [sopas] error global: ReferenceError: sortAsc is not defined
    at [Alpine] !sortAsc (eval at safeAsyncFunction (http://[::1]:5173/node_modules/.vite/deps/alpinejs.js?v=415d4dfb:477:19), <anonymous>:3:33)
    at http://[::1]:5173/node_modules/.vite/deps/alpinejs.js?v=415d4dfb:502:21
    at tryCatch (http://[::1]:5173/node_modules/.vite/deps/alpinejs.js?v=415d4dfb:416:12)
    at http://[::1]:5173/node_modules/.vite/deps/alpinejs.js?v=415d4dfb:3008:17
    at reactiveEffect (http://[::1]:5173/node_modules/.vite/deps/alpinejs.js?v=415d4dfb:1746:16)
    at Object.effect2 [as effect] (http://[::1]:5173/node_modules/.vite/deps/alpinejs.js?v=415d4dfb:1721:5)
    at effect (http://[::1]:5173/node_modules/.vite/deps/alpinejs.js?v=415d4dfb:51:33)
    at wrappedEffect (http://[::1]:5173/node_modules/.vite/deps/alpinejs.js?v=415d4dfb:67:27)
    at Function.<anonymous> (http://[::1]:5173/node_modules/.vite/deps/alpinejs.js?v=415d4dfb:3008:3)
    at flushHandlers (http://[::1]:5173/node_modules/.vite/deps/alpinejs.js?v=415d4dfb:587:46) @ http://[::1]:5173/resources/js/app.js:146
[  170998ms] ReferenceError: sortAsc is not defined
    at [Alpine] !sortAsc (eval at safeAsyncFunction (http://[::1]:5173/node_modules/.vite/deps/alpinejs.js?v=415d4dfb:477:19), <anonymous>:3:33)
    at http://[::1]:5173/node_modules/.vite/deps/alpinejs.js?v=415d4dfb:502:21
    at tryCatch (http://[::1]:5173/node_modules/.vite/deps/alpinejs.js?v=415d4dfb:416:12)
    at http://[::1]:5173/node_modules/.vite/deps/alpinejs.js?v=415d4dfb:3008:17
    at reactiveEffect (http://[::1]:5173/node_modules/.vite/deps/alpinejs.js?v=415d4dfb:1746:16)
    at Object.effect2 [as effect] (http://[::1]:5173/node_modules/.vite/deps/alpinejs.js?v=415d4dfb:1721:5)
    at effect (http://[::1]:5173/node_modules/.vite/deps/alpinejs.js?v=415d4dfb:51:33)
    at wrappedEffect (http://[::1]:5173/node_modules/.vite/deps/alpinejs.js?v=415d4dfb:67:27)
    at Function.<anonymous> (http://[::1]:5173/node_modules/.vite/deps/alpinejs.js?v=415d4dfb:3008:3)
    at flushHandlers (http://[::1]:5173/node_modules/.vite/deps/alpinejs.js?v=415d4dfb:587:46)
[  170997ms] [ERROR] [sopas] error global: ReferenceError: sortKey is not defined
    at [Alpine] sortKey === 'items_count' (eval at safeAsyncFunction (http://[::1]:5173/node_modules/.vite/deps/alpinejs.js?v=415d4dfb:477:19), <anonymous>:3:32)
    at http://[::1]:5173/node_modules/.vite/deps/alpinejs.js?v=415d4dfb:502:21
    at tryCatch (http://[::1]:5173/node_modules/.vite/deps/alpinejs.js?v=415d4dfb:416:12)
    at http://[::1]:5173/node_modules/.vite/deps/alpinejs.js?v=415d4dfb:3008:17
    at reactiveEffect (http://[::1]:5173/node_modules/.vite/deps/alpinejs.js?v=415d4dfb:1746:16)
    at Object.effect2 [as effect] (http://[::1]:5173/node_modules/.vite/deps/alpinejs.js?v=415d4dfb:1721:5)
    at effect (http://[::1]:5173/node_modules/.vite/deps/alpinejs.js?v=415d4dfb:51:33)
    at wrappedEffect (http://[::1]:5173/node_modules/.vite/deps/alpinejs.js?v=415d4dfb:67:27)
    at Function.<anonymous> (http://[::1]:5173/node_modules/.vite/deps/alpinejs.js?v=415d4dfb:3008:3)
    at flushHandlers (http://[::1]:5173/node_modules/.vite/deps/alpinejs.js?v=415d4dfb:587:46) @ http://[::1]:5173/resources/js/app.js:146
[  170998ms] ReferenceError: sortKey is not defined
    at [Alpine] sortKey === 'items_count' (eval at safeAsyncFunction (http://[::1]:5173/node_modules/.vite/deps/alpinejs.js?v=415d4dfb:477:19), <anonymous>:3:32)
    at http://[::1]:5173/node_modules/.vite/deps/alpinejs.js?v=415d4dfb:502:21
    at tryCatch (http://[::1]:5173/node_modules/.vite/deps/alpinejs.js?v=415d4dfb:416:12)
    at http://[::1]:5173/node_modules/.vite/deps/alpinejs.js?v=415d4dfb:3008:17
    at reactiveEffect (http://[::1]:5173/node_modules/.vite/deps/alpinejs.js?v=415d4dfb:1746:16)
    at Object.effect2 [as effect] (http://[::1]:5173/node_modules/.vite/deps/alpinejs.js?v=415d4dfb:1721:5)
    at effect (http://[::1]:5173/node_modules/.vite/deps/alpinejs.js?v=415d4dfb:51:33)
    at wrappedEffect (http://[::1]:5173/node_modules/.vite/deps/alpinejs.js?v=415d4dfb:67:27)
    at Function.<anonymous> (http://[::1]:5173/node_modules/.vite/deps/alpinejs.js?v=415d4dfb:3008:3)
    at flushHandlers (http://[::1]:5173/node_modules/.vite/deps/alpinejs.js?v=415d4dfb:587:46)
[  170997ms] [ERROR] [sopas] error global: ReferenceError: sortAsc is not defined
    at [Alpine] sortAsc (eval at safeAsyncFunction (http://[::1]:5173/node_modules/.vite/deps/alpinejs.js?v=415d4dfb:477:19), <anonymous>:3:32)
    at http://[::1]:5173/node_modules/.vite/deps/alpinejs.js?v=415d4dfb:502:21
    at tryCatch (http://[::1]:5173/node_modules/.vite/deps/alpinejs.js?v=415d4dfb:416:12)
    at http://[::1]:5173/node_modules/.vite/deps/alpinejs.js?v=415d4dfb:3008:17
    at reactiveEffect (http://[::1]:5173/node_modules/.vite/deps/alpinejs.js?v=415d4dfb:1746:16)
    at Object.effect2 [as effect] (http://[::1]:5173/node_modules/.vite/deps/alpinejs.js?v=415d4dfb:1721:5)
    at effect (http://[::1]:5173/node_modules/.vite/deps/alpinejs.js?v=415d4dfb:51:33)
    at wrappedEffect (http://[::1]:5173/node_modules/.vite/deps/alpinejs.js?v=415d4dfb:67:27)
    at Function.<anonymous> (http://[::1]:5173/node_modules/.vite/deps/alpinejs.js?v=415d4dfb:3008:3)
    at flushHandlers (http://[::1]:5173/node_modules/.vite/deps/alpinejs.js?v=415d4dfb:587:46) @ http://[::1]:5173/resources/js/app.js:146
[  170998ms] ReferenceError: sortAsc is not defined
    at [Alpine] sortAsc (eval at safeAsyncFunction (http://[::1]:5173/node_modules/.vite/deps/alpinejs.js?v=415d4dfb:477:19), <anonymous>:3:32)
    at http://[::1]:5173/node_modules/.vite/deps/alpinejs.js?v=415d4dfb:502:21
    at tryCatch (http://[::1]:5173/node_modules/.vite/deps/alpinejs.js?v=415d4dfb:416:12)
    at http://[::1]:5173/node_modules/.vite/deps/alpinejs.js?v=415d4dfb:3008:17
    at reactiveEffect (http://[::1]:5173/node_modules/.vite/deps/alpinejs.js?v=415d4dfb:1746:16)
    at Object.effect2 [as effect] (http://[::1]:5173/node_modules/.vite/deps/alpinejs.js?v=415d4dfb:1721:5)
    at effect (http://[::1]:5173/node_modules/.vite/deps/alpinejs.js?v=415d4dfb:51:33)
    at wrappedEffect (http://[::1]:5173/node_modules/.vite/deps/alpinejs.js?v=415d4dfb:67:27)
    at Function.<anonymous> (http://[::1]:5173/node_modules/.vite/deps/alpinejs.js?v=415d4dfb:3008:3)
    at flushHandlers (http://[::1]:5173/node_modules/.vite/deps/alpinejs.js?v=415d4dfb:587:46)
[  170997ms] [ERROR] [sopas] error global: ReferenceError: sortAsc is not defined
    at [Alpine] !sortAsc (eval at safeAsyncFunction (http://[::1]:5173/node_modules/.vite/deps/alpinejs.js?v=415d4dfb:477:19), <anonymous>:3:33)
    at http://[::1]:5173/node_modules/.vite/deps/alpinejs.js?v=415d4dfb:502:21
    at tryCatch (http://[::1]:5173/node_modules/.vite/deps/alpinejs.js?v=415d4dfb:416:12)
    at http://[::1]:5173/node_modules/.vite/deps/alpinejs.js?v=415d4dfb:3008:17
    at reactiveEffect (http://[::1]:5173/node_modules/.vite/deps/alpinejs.js?v=415d4dfb:1746:16)
    at Object.effect2 [as effect] (http://[::1]:5173/node_modules/.vite/deps/alpinejs.js?v=415d4dfb:1721:5)
    at effect (http://[::1]:5173/node_modules/.vite/deps/alpinejs.js?v=415d4dfb:51:33)
    at wrappedEffect (http://[::1]:5173/node_modules/.vite/deps/alpinejs.js?v=415d4dfb:67:27)
    at Function.<anonymous> (http://[::1]:5173/node_modules/.vite/deps/alpinejs.js?v=415d4dfb:3008:3)
    at flushHandlers (http://[::1]:5173/node_modules/.vite/deps/alpinejs.js?v=415d4dfb:587:46) @ http://[::1]:5173/resources/js/app.js:146
[  170999ms] ReferenceError: sortAsc is not defined
    at [Alpine] !sortAsc (eval at safeAsyncFunction (http://[::1]:5173/node_modules/.vite/deps/alpinejs.js?v=415d4dfb:477:19), <anonymous>:3:33)
    at http://[::1]:5173/node_modules/.vite/deps/alpinejs.js?v=415d4dfb:502:21
    at tryCatch (http://[::1]:5173/node_modules/.vite/deps/alpinejs.js?v=415d4dfb:416:12)
    at http://[::1]:5173/node_modules/.vite/deps/alpinejs.js?v=415d4dfb:3008:17
    at reactiveEffect (http://[::1]:5173/node_modules/.vite/deps/alpinejs.js?v=415d4dfb:1746:16)
    at Object.effect2 [as effect] (http://[::1]:5173/node_modules/.vite/deps/alpinejs.js?v=415d4dfb:1721:5)
    at effect (http://[::1]:5173/node_modules/.vite/deps/alpinejs.js?v=415d4dfb:51:33)
    at wrappedEffect (http://[::1]:5173/node_modules/.vite/deps/alpinejs.js?v=415d4dfb:67:27)
    at Function.<anonymous> (http://[::1]:5173/node_modules/.vite/deps/alpinejs.js?v=415d4dfb:3008:3)
    at flushHandlers (http://[::1]:5173/node_modules/.vite/deps/alpinejs.js?v=415d4dfb:587:46)
[  170997ms] [ERROR] [sopas] error global: ReferenceError: sortKey is not defined
    at [Alpine] sortKey === 'total' (eval at safeAsyncFunction (http://[::1]:5173/node_modules/.vite/deps/alpinejs.js?v=415d4dfb:477:19), <anonymous>:3:32)
    at http://[::1]:5173/node_modules/.vite/deps/alpinejs.js?v=415d4dfb:502:21
    at tryCatch (http://[::1]:5173/node_modules/.vite/deps/alpinejs.js?v=415d4dfb:416:12)
    at http://[::1]:5173/node_modules/.vite/deps/alpinejs.js?v=415d4dfb:3008:17
    at reactiveEffect (http://[::1]:5173/node_modules/.vite/deps/alpinejs.js?v=415d4dfb:1746:16)
    at Object.effect2 [as effect] (http://[::1]:5173/node_modules/.vite/deps/alpinejs.js?v=415d4dfb:1721:5)
    at effect (http://[::1]:5173/node_modules/.vite/deps/alpinejs.js?v=415d4dfb:51:33)
    at wrappedEffect (http://[::1]:5173/node_modules/.vite/deps/alpinejs.js?v=415d4dfb:67:27)
    at Function.<anonymous> (http://[::1]:5173/node_modules/.vite/deps/alpinejs.js?v=415d4dfb:3008:3)
    at flushHandlers (http://[::1]:5173/node_modules/.vite/deps/alpinejs.js?v=415d4dfb:587:46) @ http://[::1]:5173/resources/js/app.js:146
[  170999ms] ReferenceError: sortKey is not defined
    at [Alpine] sortKey === 'total' (eval at safeAsyncFunction (http://[::1]:5173/node_modules/.vite/deps/alpinejs.js?v=415d4dfb:477:19), <anonymous>:3:32)
    at http://[::1]:5173/node_modules/.vite/deps/alpinejs.js?v=415d4dfb:502:21
    at tryCatch (http://[::1]:5173/node_modules/.vite/deps/alpinejs.js?v=415d4dfb:416:12)
    at http://[::1]:5173/node_modules/.vite/deps/alpinejs.js?v=415d4dfb:3008:17
    at reactiveEffect (http://[::1]:5173/node_modules/.vite/deps/alpinejs.js?v=415d4dfb:1746:16)
    at Object.effect2 [as effect] (http://[::1]:5173/node_modules/.vite/deps/alpinejs.js?v=415d4dfb:1721:5)
    at effect (http://[::1]:5173/node_modules/.vite/deps/alpinejs.js?v=415d4dfb:51:33)
    at wrappedEffect (http://[::1]:5173/node_modules/.vite/deps/alpinejs.js?v=415d4dfb:67:27)
    at Function.<anonymous> (http://[::1]:5173/node_modules/.vite/deps/alpinejs.js?v=415d4dfb:3008:3)
    at flushHandlers (http://[::1]:5173/node_modules/.vite/deps/alpinejs.js?v=415d4dfb:587:46)
[  170998ms] [ERROR] [sopas] error global: ReferenceError: sortAsc is not defined
    at [Alpine] sortAsc (eval at safeAsyncFunction (http://[::1]:5173/node_modules/.vite/deps/alpinejs.js?v=415d4dfb:477:19), <anonymous>:3:32)
    at http://[::1]:5173/node_modules/.vite/deps/alpinejs.js?v=415d4dfb:502:21
    at tryCatch (http://[::1]:5173/node_modules/.vite/deps/alpinejs.js?v=415d4dfb:416:12)
    at http://[::1]:5173/node_modules/.vite/deps/alpinejs.js?v=415d4dfb:3008:17
    at reactiveEffect (http://[::1]:5173/node_modules/.vite/deps/alpinejs.js?v=415d4dfb:1746:16)
    at Object.effect2 [as effect] (http://[::1]:5173/node_modules/.vite/deps/alpinejs.js?v=415d4dfb:1721:5)
    at effect (http://[::1]:5173/node_modules/.vite/deps/alpinejs.js?v=415d4dfb:51:33)
    at wrappedEffect (http://[::1]:5173/node_modules/.vite/deps/alpinejs.js?v=415d4dfb:67:27)
    at Function.<anonymous> (http://[::1]:5173/node_modules/.vite/deps/alpinejs.js?v=415d4dfb:3008:3)
    at flushHandlers (http://[::1]:5173/node_modules/.vite/deps/alpinejs.js?v=415d4dfb:587:46) @ http://[::1]:5173/resources/js/app.js:146
[  170999ms] ReferenceError: sortAsc is not defined
    at [Alpine] sortAsc (eval at safeAsyncFunction (http://[::1]:5173/node_modules/.vite/deps/alpinejs.js?v=415d4dfb:477:19), <anonymous>:3:32)
    at http://[::1]:5173/node_modules/.vite/deps/alpinejs.js?v=415d4dfb:502:21
    at tryCatch (http://[::1]:5173/node_modules/.vite/deps/alpinejs.js?v=415d4dfb:416:12)
    at http://[::1]:5173/node_modules/.vite/deps/alpinejs.js?v=415d4dfb:3008:17
    at reactiveEffect (http://[::1]:5173/node_modules/.vite/deps/alpinejs.js?v=415d4dfb:1746:16)
    at Object.effect2 [as effect] (http://[::1]:5173/node_modules/.vite/deps/alpinejs.js?v=415d4dfb:1721:5)
    at effect (http://[::1]:5173/node_modules/.vite/deps/alpinejs.js?v=415d4dfb:51:33)
    at wrappedEffect (http://[::1]:5173/node_modules/.vite/deps/alpinejs.js?v=415d4dfb:67:27)
    at Function.<anonymous> (http://[::1]:5173/node_modules/.vite/deps/alpinejs.js?v=415d4dfb:3008:3)
    at flushHandlers (http://[::1]:5173/node_modules/.vite/deps/alpinejs.js?v=415d4dfb:587:46)
[  170998ms] [ERROR] [sopas] error global: ReferenceError: sortAsc is not defined
    at [Alpine] !sortAsc (eval at safeAsyncFunction (http://[::1]:5173/node_modules/.vite/deps/alpinejs.js?v=415d4dfb:477:19), <anonymous>:3:33)
    at http://[::1]:5173/node_modules/.vite/deps/alpinejs.js?v=415d4dfb:502:21
    at tryCatch (http://[::1]:5173/node_modules/.vite/deps/alpinejs.js?v=415d4dfb:416:12)
    at http://[::1]:5173/node_modules/.vite/deps/alpinejs.js?v=415d4dfb:3008:17
    at reactiveEffect (http://[::1]:5173/node_modules/.vite/deps/alpinejs.js?v=415d4dfb:1746:16)
    at Object.effect2 [as effect] (http://[::1]:5173/node_modules/.vite/deps/alpinejs.js?v=415d4dfb:1721:5)
    at effect (http://[::1]:5173/node_modules/.vite/deps/alpinejs.js?v=415d4dfb:51:33)
    at wrappedEffect (http://[::1]:5173/node_modules/.vite/deps/alpinejs.js?v=415d4dfb:67:27)
    at Function.<anonymous> (http://[::1]:5173/node_modules/.vite/deps/alpinejs.js?v=415d4dfb:3008:3)
    at flushHandlers (http://[::1]:5173/node_modules/.vite/deps/alpinejs.js?v=415d4dfb:587:46) @ http://[::1]:5173/resources/js/app.js:146
[  170999ms] ReferenceError: sortAsc is not defined
    at [Alpine] !sortAsc (eval at safeAsyncFunction (http://[::1]:5173/node_modules/.vite/deps/alpinejs.js?v=415d4dfb:477:19), <anonymous>:3:33)
    at http://[::1]:5173/node_modules/.vite/deps/alpinejs.js?v=415d4dfb:502:21
    at tryCatch (http://[::1]:5173/node_modules/.vite/deps/alpinejs.js?v=415d4dfb:416:12)
    at http://[::1]:5173/node_modules/.vite/deps/alpinejs.js?v=415d4dfb:3008:17
    at reactiveEffect (http://[::1]:5173/node_modules/.vite/deps/alpinejs.js?v=415d4dfb:1746:16)
    at Object.effect2 [as effect] (http://[::1]:5173/node_modules/.vite/deps/alpinejs.js?v=415d4dfb:1721:5)
    at effect (http://[::1]:5173/node_modules/.vite/deps/alpinejs.js?v=415d4dfb:51:33)
    at wrappedEffect (http://[::1]:5173/node_modules/.vite/deps/alpinejs.js?v=415d4dfb:67:27)
    at Function.<anonymous> (http://[::1]:5173/node_modules/.vite/deps/alpinejs.js?v=415d4dfb:3008:3)
    at flushHandlers (http://[::1]:5173/node_modules/.vite/deps/alpinejs.js?v=415d4dfb:587:46)
[  170998ms] [ERROR] [sopas] error global: ReferenceError: sortKey is not defined
    at [Alpine] sortKey === 'cambio' (eval at safeAsyncFunction (http://[::1]:5173/node_modules/.vite/deps/alpinejs.js?v=415d4dfb:477:19), <anonymous>:3:32)
    at http://[::1]:5173/node_modules/.vite/deps/alpinejs.js?v=415d4dfb:502:21
    at tryCatch (http://[::1]:5173/node_modules/.vite/deps/alpinejs.js?v=415d4dfb:416:12)
    at http://[::1]:5173/node_modules/.vite/deps/alpinejs.js?v=415d4dfb:3008:17
    at reactiveEffect (http://[::1]:5173/node_modules/.vite/deps/alpinejs.js?v=415d4dfb:1746:16)
    at Object.effect2 [as effect] (http://[::1]:5173/node_modules/.vite/deps/alpinejs.js?v=415d4dfb:1721:5)
    at effect (http://[::1]:5173/node_modules/.vite/deps/alpinejs.js?v=415d4dfb:51:33)
    at wrappedEffect (http://[::1]:5173/node_modules/.vite/deps/alpinejs.js?v=415d4dfb:67:27)
    at Function.<anonymous> (http://[::1]:5173/node_modules/.vite/deps/alpinejs.js?v=415d4dfb:3008:3)
    at flushHandlers (http://[::1]:5173/node_modules/.vite/deps/alpinejs.js?v=415d4dfb:587:46) @ http://[::1]:5173/resources/js/app.js:146
[  171001ms] ReferenceError: sortKey is not defined
    at [Alpine] sortKey === 'cambio' (eval at safeAsyncFunction (http://[::1]:5173/node_modules/.vite/deps/alpinejs.js?v=415d4dfb:477:19), <anonymous>:3:32)
    at http://[::1]:5173/node_modules/.vite/deps/alpinejs.js?v=415d4dfb:502:21
    at tryCatch (http://[::1]:5173/node_modules/.vite/deps/alpinejs.js?v=415d4dfb:416:12)
    at http://[::1]:5173/node_modules/.vite/deps/alpinejs.js?v=415d4dfb:3008:17
    at reactiveEffect (http://[::1]:5173/node_modules/.vite/deps/alpinejs.js?v=415d4dfb:1746:16)
    at Object.effect2 [as effect] (http://[::1]:5173/node_modules/.vite/deps/alpinejs.js?v=415d4dfb:1721:5)
    at effect (http://[::1]:5173/node_modules/.vite/deps/alpinejs.js?v=415d4dfb:51:33)
    at wrappedEffect (http://[::1]:5173/node_modules/.vite/deps/alpinejs.js?v=415d4dfb:67:27)
    at Function.<anonymous> (http://[::1]:5173/node_modules/.vite/deps/alpinejs.js?v=415d4dfb:3008:3)
    at flushHandlers (http://[::1]:5173/node_modules/.vite/deps/alpinejs.js?v=415d4dfb:587:46)
[  170998ms] [ERROR] [sopas] error global: ReferenceError: sortAsc is not defined
    at [Alpine] sortAsc (eval at safeAsyncFunction (http://[::1]:5173/node_modules/.vite/deps/alpinejs.js?v=415d4dfb:477:19), <anonymous>:3:32)
    at http://[::1]:5173/node_modules/.vite/deps/alpinejs.js?v=415d4dfb:502:21
    at tryCatch (http://[::1]:5173/node_modules/.vite/deps/alpinejs.js?v=415d4dfb:416:12)
    at http://[::1]:5173/node_modules/.vite/deps/alpinejs.js?v=415d4dfb:3008:17
    at reactiveEffect (http://[::1]:5173/node_modules/.vite/deps/alpinejs.js?v=415d4dfb:1746:16)
    at Object.effect2 [as effect] (http://[::1]:5173/node_modules/.vite/deps/alpinejs.js?v=415d4dfb:1721:5)
    at effect (http://[::1]:5173/node_modules/.vite/deps/alpinejs.js?v=415d4dfb:51:33)
    at wrappedEffect (http://[::1]:5173/node_modules/.vite/deps/alpinejs.js?v=415d4dfb:67:27)
    at Function.<anonymous> (http://[::1]:5173/node_modules/.vite/deps/alpinejs.js?v=415d4dfb:3008:3)
    at flushHandlers (http://[::1]:5173/node_modules/.vite/deps/alpinejs.js?v=415d4dfb:587:46) @ http://[::1]:5173/resources/js/app.js:146
[  171001ms] ReferenceError: sortAsc is not defined
    at [Alpine] sortAsc (eval at safeAsyncFunction (http://[::1]:5173/node_modules/.vite/deps/alpinejs.js?v=415d4dfb:477:19), <anonymous>:3:32)
    at http://[::1]:5173/node_modules/.vite/deps/alpinejs.js?v=415d4dfb:502:21
    at tryCatch (http://[::1]:5173/node_modules/.vite/deps/alpinejs.js?v=415d4dfb:416:12)
    at http://[::1]:5173/node_modules/.vite/deps/alpinejs.js?v=415d4dfb:3008:17
    at reactiveEffect (http://[::1]:5173/node_modules/.vite/deps/alpinejs.js?v=415d4dfb:1746:16)
    at Object.effect2 [as effect] (http://[::1]:5173/node_modules/.vite/deps/alpinejs.js?v=415d4dfb:1721:5)
    at effect (http://[::1]:5173/node_modules/.vite/deps/alpinejs.js?v=415d4dfb:51:33)
    at wrappedEffect (http://[::1]:5173/node_modules/.vite/deps/alpinejs.js?v=415d4dfb:67:27)
    at Function.<anonymous> (http://[::1]:5173/node_modules/.vite/deps/alpinejs.js?v=415d4dfb:3008:3)
    at flushHandlers (http://[::1]:5173/node_modules/.vite/deps/alpinejs.js?v=415d4dfb:587:46)
[  170998ms] [ERROR] [sopas] error global: ReferenceError: sortAsc is not defined
    at [Alpine] !sortAsc (eval at safeAsyncFunction (http://[::1]:5173/node_modules/.vite/deps/alpinejs.js?v=415d4dfb:477:19), <anonymous>:3:33)
    at http://[::1]:5173/node_modules/.vite/deps/alpinejs.js?v=415d4dfb:502:21
    at tryCatch (http://[::1]:5173/node_modules/.vite/deps/alpinejs.js?v=415d4dfb:416:12)
    at http://[::1]:5173/node_modules/.vite/deps/alpinejs.js?v=415d4dfb:3008:17
    at reactiveEffect (http://[::1]:5173/node_modules/.vite/deps/alpinejs.js?v=415d4dfb:1746:16)
    at Object.effect2 [as effect] (http://[::1]:5173/node_modules/.vite/deps/alpinejs.js?v=415d4dfb:1721:5)
    at effect (http://[::1]:5173/node_modules/.vite/deps/alpinejs.js?v=415d4dfb:51:33)
    at wrappedEffect (http://[::1]:5173/node_modules/.vite/deps/alpinejs.js?v=415d4dfb:67:27)
    at Function.<anonymous> (http://[::1]:5173/node_modules/.vite/deps/alpinejs.js?v=415d4dfb:3008:3)
    at flushHandlers (http://[::1]:5173/node_modules/.vite/deps/alpinejs.js?v=415d4dfb:587:46) @ http://[::1]:5173/resources/js/app.js:146
[  171001ms] ReferenceError: sortAsc is not defined
    at [Alpine] !sortAsc (eval at safeAsyncFunction (http://[::1]:5173/node_modules/.vite/deps/alpinejs.js?v=415d4dfb:477:19), <anonymous>:3:33)
    at http://[::1]:5173/node_modules/.vite/deps/alpinejs.js?v=415d4dfb:502:21
    at tryCatch (http://[::1]:5173/node_modules/.vite/deps/alpinejs.js?v=415d4dfb:416:12)
    at http://[::1]:5173/node_modules/.vite/deps/alpinejs.js?v=415d4dfb:3008:17
    at reactiveEffect (http://[::1]:5173/node_modules/.vite/deps/alpinejs.js?v=415d4dfb:1746:16)
    at Object.effect2 [as effect] (http://[::1]:5173/node_modules/.vite/deps/alpinejs.js?v=415d4dfb:1721:5)
    at effect (http://[::1]:5173/node_modules/.vite/deps/alpinejs.js?v=415d4dfb:51:33)
    at wrappedEffect (http://[::1]:5173/node_modules/.vite/deps/alpinejs.js?v=415d4dfb:67:27)
    at Function.<anonymous> (http://[::1]:5173/node_modules/.vite/deps/alpinejs.js?v=415d4dfb:3008:3)
    at flushHandlers (http://[::1]:5173/node_modules/.vite/deps/alpinejs.js?v=415d4dfb:587:46)
[  170999ms] [ERROR] [sopas] error global: ReferenceError: pageRows is not defined
    at [Alpine] pageRows (eval at safeAsyncFunction (http://[::1]:5173/node_modules/.vite/deps/alpinejs.js?v=415d4dfb:477:19), <anonymous>:3:32)
    at http://[::1]:5173/node_modules/.vite/deps/alpinejs.js?v=415d4dfb:502:21
    at tryCatch (http://[::1]:5173/node_modules/.vite/deps/alpinejs.js?v=415d4dfb:416:12)
    at loop (http://[::1]:5173/node_modules/.vite/deps/alpinejs.js?v=415d4dfb:3043:3)
    at http://[::1]:5173/node_modules/.vite/deps/alpinejs.js?v=415d4dfb:3028:17
    at reactiveEffect (http://[::1]:5173/node_modules/.vite/deps/alpinejs.js?v=415d4dfb:1746:16)
    at Object.effect2 [as effect] (http://[::1]:5173/node_modules/.vite/deps/alpinejs.js?v=415d4dfb:1721:5)
    at effect (http://[::1]:5173/node_modules/.vite/deps/alpinejs.js?v=415d4dfb:51:33)
    at wrappedEffect (http://[::1]:5173/node_modules/.vite/deps/alpinejs.js?v=415d4dfb:67:27)
    at Function.<anonymous> (http://[::1]:5173/node_modules/.vite/deps/alpinejs.js?v=415d4dfb:3028:3) @ http://[::1]:5173/resources/js/app.js:146
[  171001ms] ReferenceError: pageRows is not defined
    at [Alpine] pageRows (eval at safeAsyncFunction (http://[::1]:5173/node_modules/.vite/deps/alpinejs.js?v=415d4dfb:477:19), <anonymous>:3:32)
    at http://[::1]:5173/node_modules/.vite/deps/alpinejs.js?v=415d4dfb:502:21
    at tryCatch (http://[::1]:5173/node_modules/.vite/deps/alpinejs.js?v=415d4dfb:416:12)
    at loop (http://[::1]:5173/node_modules/.vite/deps/alpinejs.js?v=415d4dfb:3043:3)
    at http://[::1]:5173/node_modules/.vite/deps/alpinejs.js?v=415d4dfb:3028:17
    at reactiveEffect (http://[::1]:5173/node_modules/.vite/deps/alpinejs.js?v=415d4dfb:1746:16)
    at Object.effect2 [as effect] (http://[::1]:5173/node_modules/.vite/deps/alpinejs.js?v=415d4dfb:1721:5)
    at effect (http://[::1]:5173/node_modules/.vite/deps/alpinejs.js?v=415d4dfb:51:33)
    at wrappedEffect (http://[::1]:5173/node_modules/.vite/deps/alpinejs.js?v=415d4dfb:67:27)
    at Function.<anonymous> (http://[::1]:5173/node_modules/.vite/deps/alpinejs.js?v=415d4dfb:3028:3)
[  170999ms] [ERROR] [sopas] error global: ReferenceError: ventas is not defined
    at [Alpine] ventas.length === 0 (eval at safeAsyncFunction (http://[::1]:5173/node_modules/.vite/deps/alpinejs.js?v=415d4dfb:477:19), <anonymous>:3:32)
    at http://[::1]:5173/node_modules/.vite/deps/alpinejs.js?v=415d4dfb:502:21
    at tryCatch (http://[::1]:5173/node_modules/.vite/deps/alpinejs.js?v=415d4dfb:416:12)
    at http://[::1]:5173/node_modules/.vite/deps/alpinejs.js?v=415d4dfb:3008:17
    at reactiveEffect (http://[::1]:5173/node_modules/.vite/deps/alpinejs.js?v=415d4dfb:1746:16)
    at Object.effect2 [as effect] (http://[::1]:5173/node_modules/.vite/deps/alpinejs.js?v=415d4dfb:1721:5)
    at effect (http://[::1]:5173/node_modules/.vite/deps/alpinejs.js?v=415d4dfb:51:33)
    at wrappedEffect (http://[::1]:5173/node_modules/.vite/deps/alpinejs.js?v=415d4dfb:67:27)
    at Function.<anonymous> (http://[::1]:5173/node_modules/.vite/deps/alpinejs.js?v=415d4dfb:3008:3)
    at flushHandlers (http://[::1]:5173/node_modules/.vite/deps/alpinejs.js?v=415d4dfb:587:46) @ http://[::1]:5173/resources/js/app.js:146
[  171002ms] ReferenceError: ventas is not defined
    at [Alpine] ventas.length === 0 (eval at safeAsyncFunction (http://[::1]:5173/node_modules/.vite/deps/alpinejs.js?v=415d4dfb:477:19), <anonymous>:3:32)
    at http://[::1]:5173/node_modules/.vite/deps/alpinejs.js?v=415d4dfb:502:21
    at tryCatch (http://[::1]:5173/node_modules/.vite/deps/alpinejs.js?v=415d4dfb:416:12)
    at http://[::1]:5173/node_modules/.vite/deps/alpinejs.js?v=415d4dfb:3008:17
    at reactiveEffect (http://[::1]:5173/node_modules/.vite/deps/alpinejs.js?v=415d4dfb:1746:16)
    at Object.effect2 [as effect] (http://[::1]:5173/node_modules/.vite/deps/alpinejs.js?v=415d4dfb:1721:5)
    at effect (http://[::1]:5173/node_modules/.vite/deps/alpinejs.js?v=415d4dfb:51:33)
    at wrappedEffect (http://[::1]:5173/node_modules/.vite/deps/alpinejs.js?v=415d4dfb:67:27)
    at Function.<anonymous> (http://[::1]:5173/node_modules/.vite/deps/alpinejs.js?v=415d4dfb:3008:3)
    at flushHandlers (http://[::1]:5173/node_modules/.vite/deps/alpinejs.js?v=415d4dfb:587:46)
[  170999ms] [ERROR] [sopas] error global: ReferenceError: ventas is not defined
    at [Alpine] ventas.length > 0 (eval at safeAsyncFunction (http://[::1]:5173/node_modules/.vite/deps/alpinejs.js?v=415d4dfb:477:19), <anonymous>:3:32)
    at http://[::1]:5173/node_modules/.vite/deps/alpinejs.js?v=415d4dfb:502:21
    at tryCatch (http://[::1]:5173/node_modules/.vite/deps/alpinejs.js?v=415d4dfb:416:12)
    at http://[::1]:5173/node_modules/.vite/deps/alpinejs.js?v=415d4dfb:3008:17
    at reactiveEffect (http://[::1]:5173/node_modules/.vite/deps/alpinejs.js?v=415d4dfb:1746:16)
    at Object.effect2 [as effect] (http://[::1]:5173/node_modules/.vite/deps/alpinejs.js?v=415d4dfb:1721:5)
    at effect (http://[::1]:5173/node_modules/.vite/deps/alpinejs.js?v=415d4dfb:51:33)
    at wrappedEffect (http://[::1]:5173/node_modules/.vite/deps/alpinejs.js?v=415d4dfb:67:27)
    at Function.<anonymous> (http://[::1]:5173/node_modules/.vite/deps/alpinejs.js?v=415d4dfb:3008:3)
    at flushHandlers (http://[::1]:5173/node_modules/.vite/deps/alpinejs.js?v=415d4dfb:587:46) @ http://[::1]:5173/resources/js/app.js:146
[  171002ms] ReferenceError: ventas is not defined
    at [Alpine] ventas.length > 0 (eval at safeAsyncFunction (http://[::1]:5173/node_modules/.vite/deps/alpinejs.js?v=415d4dfb:477:19), <anonymous>:3:32)
    at http://[::1]:5173/node_modules/.vite/deps/alpinejs.js?v=415d4dfb:502:21
    at tryCatch (http://[::1]:5173/node_modules/.vite/deps/alpinejs.js?v=415d4dfb:416:12)
    at http://[::1]:5173/node_modules/.vite/deps/alpinejs.js?v=415d4dfb:3008:17
    at reactiveEffect (http://[::1]:5173/node_modules/.vite/deps/alpinejs.js?v=415d4dfb:1746:16)
    at Object.effect2 [as effect] (http://[::1]:5173/node_modules/.vite/deps/alpinejs.js?v=415d4dfb:1721:5)
    at effect (http://[::1]:5173/node_modules/.vite/deps/alpinejs.js?v=415d4dfb:51:33)
    at wrappedEffect (http://[::1]:5173/node_modules/.vite/deps/alpinejs.js?v=415d4dfb:67:27)
    at Function.<anonymous> (http://[::1]:5173/node_modules/.vite/deps/alpinejs.js?v=415d4dfb:3008:3)
    at flushHandlers (http://[::1]:5173/node_modules/.vite/deps/alpinejs.js?v=415d4dfb:587:46)
[  171000ms] [ERROR] [sopas] error global: ReferenceError: perPage is not defined
    at [Alpine] perPage (eval at safeAsyncFunction (http://[::1]:5173/node_modules/.vite/deps/alpinejs.js?v=415d4dfb:477:19), <anonymous>:3:32)
    at http://[::1]:5173/node_modules/.vite/deps/alpinejs.js?v=415d4dfb:502:21
    at tryCatch (http://[::1]:5173/node_modules/.vite/deps/alpinejs.js?v=415d4dfb:416:12)
    at getValue (http://[::1]:5173/node_modules/.vite/deps/alpinejs.js?v=415d4dfb:2730:5)
    at http://[::1]:5173/node_modules/.vite/deps/alpinejs.js?v=415d4dfb:2789:17
    at reactiveEffect (http://[::1]:5173/node_modules/.vite/deps/alpinejs.js?v=415d4dfb:1746:16)
    at Object.effect2 [as effect] (http://[::1]:5173/node_modules/.vite/deps/alpinejs.js?v=415d4dfb:1721:5)
    at effect (http://[::1]:5173/node_modules/.vite/deps/alpinejs.js?v=415d4dfb:51:33)
    at wrappedEffect (http://[::1]:5173/node_modules/.vite/deps/alpinejs.js?v=415d4dfb:67:27)
    at Function.<anonymous> (http://[::1]:5173/node_modules/.vite/deps/alpinejs.js?v=415d4dfb:2788:3) @ http://[::1]:5173/resources/js/app.js:146
[  171002ms] ReferenceError: perPage is not defined
    at [Alpine] perPage (eval at safeAsyncFunction (http://[::1]:5173/node_modules/.vite/deps/alpinejs.js?v=415d4dfb:477:19), <anonymous>:3:32)
    at http://[::1]:5173/node_modules/.vite/deps/alpinejs.js?v=415d4dfb:502:21
    at tryCatch (http://[::1]:5173/node_modules/.vite/deps/alpinejs.js?v=415d4dfb:416:12)
    at getValue (http://[::1]:5173/node_modules/.vite/deps/alpinejs.js?v=415d4dfb:2730:5)
    at http://[::1]:5173/node_modules/.vite/deps/alpinejs.js?v=415d4dfb:2789:17
    at reactiveEffect (http://[::1]:5173/node_modules/.vite/deps/alpinejs.js?v=415d4dfb:1746:16)
    at Object.effect2 [as effect] (http://[::1]:5173/node_modules/.vite/deps/alpinejs.js?v=415d4dfb:1721:5)
    at effect (http://[::1]:5173/node_modules/.vite/deps/alpinejs.js?v=415d4dfb:51:33)
    at wrappedEffect (http://[::1]:5173/node_modules/.vite/deps/alpinejs.js?v=415d4dfb:67:27)
    at Function.<anonymous> (http://[::1]:5173/node_modules/.vite/deps/alpinejs.js?v=415d4dfb:2788:3)
[  171000ms] [ERROR] [sopas] error global: ReferenceError: page is not defined
    at [Alpine] `Página ${page} de ${pages}` (eval at safeAsyncFunction (http://[::1]:5173/node_modules/.vite/deps/alpinejs.js?v=415d4dfb:477:19), <anonymous>:3:42)
    at http://[::1]:5173/node_modules/.vite/deps/alpinejs.js?v=415d4dfb:502:21
    at tryCatch (http://[::1]:5173/node_modules/.vite/deps/alpinejs.js?v=415d4dfb:416:12)
    at http://[::1]:5173/node_modules/.vite/deps/alpinejs.js?v=415d4dfb:2875:5
    at reactiveEffect (http://[::1]:5173/node_modules/.vite/deps/alpinejs.js?v=415d4dfb:1746:16)
    at Object.effect2 [as effect] (http://[::1]:5173/node_modules/.vite/deps/alpinejs.js?v=415d4dfb:1721:5)
    at effect (http://[::1]:5173/node_modules/.vite/deps/alpinejs.js?v=415d4dfb:51:33)
    at wrappedEffect (http://[::1]:5173/node_modules/.vite/deps/alpinejs.js?v=415d4dfb:67:27)
    at Function.<anonymous> (http://[::1]:5173/node_modules/.vite/deps/alpinejs.js?v=415d4dfb:2874:3)
    at flushHandlers (http://[::1]:5173/node_modules/.vite/deps/alpinejs.js?v=415d4dfb:587:46) @ http://[::1]:5173/resources/js/app.js:146
[  171002ms] ReferenceError: page is not defined
    at [Alpine] `Página ${page} de ${pages}` (eval at safeAsyncFunction (http://[::1]:5173/node_modules/.vite/deps/alpinejs.js?v=415d4dfb:477:19), <anonymous>:3:42)
    at http://[::1]:5173/node_modules/.vite/deps/alpinejs.js?v=415d4dfb:502:21
    at tryCatch (http://[::1]:5173/node_modules/.vite/deps/alpinejs.js?v=415d4dfb:416:12)
    at http://[::1]:5173/node_modules/.vite/deps/alpinejs.js?v=415d4dfb:2875:5
    at reactiveEffect (http://[::1]:5173/node_modules/.vite/deps/alpinejs.js?v=415d4dfb:1746:16)
    at Object.effect2 [as effect] (http://[::1]:5173/node_modules/.vite/deps/alpinejs.js?v=415d4dfb:1721:5)
    at effect (http://[::1]:5173/node_modules/.vite/deps/alpinejs.js?v=415d4dfb:51:33)
    at wrappedEffect (http://[::1]:5173/node_modules/.vite/deps/alpinejs.js?v=415d4dfb:67:27)
    at Function.<anonymous> (http://[::1]:5173/node_modules/.vite/deps/alpinejs.js?v=415d4dfb:2874:3)
    at flushHandlers (http://[::1]:5173/node_modules/.vite/deps/alpinejs.js?v=415d4dfb:587:46)
[  171000ms] [ERROR] [sopas] error global: ReferenceError: page is not defined
    at [Alpine] page === 1 (eval at safeAsyncFunction (http://[::1]:5173/node_modules/.vite/deps/alpinejs.js?v=415d4dfb:477:19), <anonymous>:3:32)
    at http://[::1]:5173/node_modules/.vite/deps/alpinejs.js?v=415d4dfb:502:21
    at tryCatch (http://[::1]:5173/node_modules/.vite/deps/alpinejs.js?v=415d4dfb:416:12)
    at http://[::1]:5173/node_modules/.vite/deps/alpinejs.js?v=415d4dfb:2912:17
    at reactiveEffect (http://[::1]:5173/node_modules/.vite/deps/alpinejs.js?v=415d4dfb:1746:16)
    at Object.effect2 [as effect] (http://[::1]:5173/node_modules/.vite/deps/alpinejs.js?v=415d4dfb:1721:5)
    at effect (http://[::1]:5173/node_modules/.vite/deps/alpinejs.js?v=415d4dfb:51:33)
    at wrappedEffect (http://[::1]:5173/node_modules/.vite/deps/alpinejs.js?v=415d4dfb:67:27)
    at handler2 (http://[::1]:5173/node_modules/.vite/deps/alpinejs.js?v=415d4dfb:2912:3)
    at flushHandlers (http://[::1]:5173/node_modules/.vite/deps/alpinejs.js?v=415d4dfb:587:46) @ http://[::1]:5173/resources/js/app.js:146
[  171002ms] ReferenceError: page is not defined
    at [Alpine] page === 1 (eval at safeAsyncFunction (http://[::1]:5173/node_modules/.vite/deps/alpinejs.js?v=415d4dfb:477:19), <anonymous>:3:32)
    at http://[::1]:5173/node_modules/.vite/deps/alpinejs.js?v=415d4dfb:502:21
    at tryCatch (http://[::1]:5173/node_modules/.vite/deps/alpinejs.js?v=415d4dfb:416:12)
    at http://[::1]:5173/node_modules/.vite/deps/alpinejs.js?v=415d4dfb:2912:17
    at reactiveEffect (http://[::1]:5173/node_modules/.vite/deps/alpinejs.js?v=415d4dfb:1746:16)
    at Object.effect2 [as effect] (http://[::1]:5173/node_modules/.vite/deps/alpinejs.js?v=415d4dfb:1721:5)
    at effect (http://[::1]:5173/node_modules/.vite/deps/alpinejs.js?v=415d4dfb:51:33)
    at wrappedEffect (http://[::1]:5173/node_modules/.vite/deps/alpinejs.js?v=415d4dfb:67:27)
    at handler2 (http://[::1]:5173/node_modules/.vite/deps/alpinejs.js?v=415d4dfb:2912:3)
    at flushHandlers (http://[::1]:5173/node_modules/.vite/deps/alpinejs.js?v=415d4dfb:587:46)
[  171000ms] [ERROR] [sopas] error global: ReferenceError: page is not defined
    at [Alpine] page === pages (eval at safeAsyncFunction (http://[::1]:5173/node_modules/.vite/deps/alpinejs.js?v=415d4dfb:477:19), <anonymous>:3:32)
    at http://[::1]:5173/node_modules/.vite/deps/alpinejs.js?v=415d4dfb:502:21
    at tryCatch (http://[::1]:5173/node_modules/.vite/deps/alpinejs.js?v=415d4dfb:416:12)
    at http://[::1]:5173/node_modules/.vite/deps/alpinejs.js?v=415d4dfb:2912:17
    at reactiveEffect (http://[::1]:5173/node_modules/.vite/deps/alpinejs.js?v=415d4dfb:1746:16)
    at Object.effect2 [as effect] (http://[::1]:5173/node_modules/.vite/deps/alpinejs.js?v=415d4dfb:1721:5)
    at effect (http://[::1]:5173/node_modules/.vite/deps/alpinejs.js?v=415d4dfb:51:33)
    at wrappedEffect (http://[::1]:5173/node_modules/.vite/deps/alpinejs.js?v=415d4dfb:67:27)
    at handler2 (http://[::1]:5173/node_modules/.vite/deps/alpinejs.js?v=415d4dfb:2912:3)
    at flushHandlers (http://[::1]:5173/node_modules/.vite/deps/alpinejs.js?v=415d4dfb:587:46) @ http://[::1]:5173/resources/js/app.js:146
[  171002ms] ReferenceError: page is not defined
    at [Alpine] page === pages (eval at safeAsyncFunction (http://[::1]:5173/node_modules/.vite/deps/alpinejs.js?v=415d4dfb:477:19), <anonymous>:3:32)
    at http://[::1]:5173/node_modules/.vite/deps/alpinejs.js?v=415d4dfb:502:21
    at tryCatch (http://[::1]:5173/node_modules/.vite/deps/alpinejs.js?v=415d4dfb:416:12)
    at http://[::1]:5173/node_modules/.vite/deps/alpinejs.js?v=415d4dfb:2912:17
    at reactiveEffect (http://[::1]:5173/node_modules/.vite/deps/alpinejs.js?v=415d4dfb:1746:16)
    at Object.effect2 [as effect] (http://[::1]:5173/node_modules/.vite/deps/alpinejs.js?v=415d4dfb:1721:5)
    at effect (http://[::1]:5173/node_modules/.vite/deps/alpinejs.js?v=415d4dfb:51:33)
    at wrappedEffect (http://[::1]:5173/node_modules/.vite/deps/alpinejs.js?v=415d4dfb:67:27)
    at handler2 (http://[::1]:5173/node_modules/.vite/deps/alpinejs.js?v=415d4dfb:2912:3)
    at flushHandlers (http://[::1]:5173/node_modules/.vite/deps/alpinejs.js?v=415d4dfb:587:46)
[  171003ms] [ERROR] [sopas] error global: ReferenceError: sortAsc is not defined
    at [Alpine] sortAsc (eval at safeAsyncFunction (http://[::1]:5173/node_modules/.vite/deps/alpinejs.js?v=415d4dfb:477:19), <anonymous>:3:32)
    at http://[::1]:5173/node_modules/.vite/deps/alpinejs.js?v=415d4dfb:502:21
    at tryCatch (http://[::1]:5173/node_modules/.vite/deps/alpinejs.js?v=415d4dfb:416:12)
    at http://[::1]:5173/node_modules/.vite/deps/alpinejs.js?v=415d4dfb:3008:17
    at reactiveEffect (http://[::1]:5173/node_modules/.vite/deps/alpinejs.js?v=415d4dfb:1746:16)
    at Object.effect2 [as effect] (http://[::1]:5173/node_modules/.vite/deps/alpinejs.js?v=415d4dfb:1721:5)
    at effect (http://[::1]:5173/node_modules/.vite/deps/alpinejs.js?v=415d4dfb:51:33)
    at wrappedEffect (http://[::1]:5173/node_modules/.vite/deps/alpinejs.js?v=415d4dfb:67:27)
    at Function.<anonymous> (http://[::1]:5173/node_modules/.vite/deps/alpinejs.js?v=415d4dfb:3008:3)
    at flushHandlers (http://[::1]:5173/node_modules/.vite/deps/alpinejs.js?v=415d4dfb:587:46) @ http://[::1]:5173/resources/js/app.js:146
[  171004ms] ReferenceError: sortAsc is not defined
    at [Alpine] sortAsc (eval at safeAsyncFunction (http://[::1]:5173/node_modules/.vite/deps/alpinejs.js?v=415d4dfb:477:19), <anonymous>:3:32)
    at http://[::1]:5173/node_modules/.vite/deps/alpinejs.js?v=415d4dfb:502:21
    at tryCatch (http://[::1]:5173/node_modules/.vite/deps/alpinejs.js?v=415d4dfb:416:12)
    at http://[::1]:5173/node_modules/.vite/deps/alpinejs.js?v=415d4dfb:3008:17
    at reactiveEffect (http://[::1]:5173/node_modules/.vite/deps/alpinejs.js?v=415d4dfb:1746:16)
    at Object.effect2 [as effect] (http://[::1]:5173/node_modules/.vite/deps/alpinejs.js?v=415d4dfb:1721:5)
    at effect (http://[::1]:5173/node_modules/.vite/deps/alpinejs.js?v=415d4dfb:51:33)
    at wrappedEffect (http://[::1]:5173/node_modules/.vite/deps/alpinejs.js?v=415d4dfb:67:27)
    at Function.<anonymous> (http://[::1]:5173/node_modules/.vite/deps/alpinejs.js?v=415d4dfb:3008:3)
    at flushHandlers (http://[::1]:5173/node_modules/.vite/deps/alpinejs.js?v=415d4dfb:587:46)
[  171003ms] [ERROR] [sopas] error global: ReferenceError: sortAsc is not defined
    at [Alpine] !sortAsc (eval at safeAsyncFunction (http://[::1]:5173/node_modules/.vite/deps/alpinejs.js?v=415d4dfb:477:19), <anonymous>:3:33)
    at http://[::1]:5173/node_modules/.vite/deps/alpinejs.js?v=415d4dfb:502:21
    at tryCatch (http://[::1]:5173/node_modules/.vite/deps/alpinejs.js?v=415d4dfb:416:12)
    at http://[::1]:5173/node_modules/.vite/deps/alpinejs.js?v=415d4dfb:3008:17
    at reactiveEffect (http://[::1]:5173/node_modules/.vite/deps/alpinejs.js?v=415d4dfb:1746:16)
    at Object.effect2 [as effect] (http://[::1]:5173/node_modules/.vite/deps/alpinejs.js?v=415d4dfb:1721:5)
    at effect (http://[::1]:5173/node_modules/.vite/deps/alpinejs.js?v=415d4dfb:51:33)
    at wrappedEffect (http://[::1]:5173/node_modules/.vite/deps/alpinejs.js?v=415d4dfb:67:27)
    at Function.<anonymous> (http://[::1]:5173/node_modules/.vite/deps/alpinejs.js?v=415d4dfb:3008:3)
    at flushHandlers (http://[::1]:5173/node_modules/.vite/deps/alpinejs.js?v=415d4dfb:587:46) @ http://[::1]:5173/resources/js/app.js:146
[  171005ms] ReferenceError: sortAsc is not defined
    at [Alpine] !sortAsc (eval at safeAsyncFunction (http://[::1]:5173/node_modules/.vite/deps/alpinejs.js?v=415d4dfb:477:19), <anonymous>:3:33)
    at http://[::1]:5173/node_modules/.vite/deps/alpinejs.js?v=415d4dfb:502:21
    at tryCatch (http://[::1]:5173/node_modules/.vite/deps/alpinejs.js?v=415d4dfb:416:12)
    at http://[::1]:5173/node_modules/.vite/deps/alpinejs.js?v=415d4dfb:3008:17
    at reactiveEffect (http://[::1]:5173/node_modules/.vite/deps/alpinejs.js?v=415d4dfb:1746:16)
    at Object.effect2 [as effect] (http://[::1]:5173/node_modules/.vite/deps/alpinejs.js?v=415d4dfb:1721:5)
    at effect (http://[::1]:5173/node_modules/.vite/deps/alpinejs.js?v=415d4dfb:51:33)
    at wrappedEffect (http://[::1]:5173/node_modules/.vite/deps/alpinejs.js?v=415d4dfb:67:27)
    at Function.<anonymous> (http://[::1]:5173/node_modules/.vite/deps/alpinejs.js?v=415d4dfb:3008:3)
    at flushHandlers (http://[::1]:5173/node_modules/.vite/deps/alpinejs.js?v=415d4dfb:587:46)
[  171004ms] [ERROR] [sopas] error global: ReferenceError: sortAsc is not defined
    at [Alpine] sortAsc (eval at safeAsyncFunction (http://[::1]:5173/node_modules/.vite/deps/alpinejs.js?v=415d4dfb:477:19), <anonymous>:3:32)
    at http://[::1]:5173/node_modules/.vite/deps/alpinejs.js?v=415d4dfb:502:21
    at tryCatch (http://[::1]:5173/node_modules/.vite/deps/alpinejs.js?v=415d4dfb:416:12)
    at http://[::1]:5173/node_modules/.vite/deps/alpinejs.js?v=415d4dfb:3008:17
    at reactiveEffect (http://[::1]:5173/node_modules/.vite/deps/alpinejs.js?v=415d4dfb:1746:16)
    at Object.effect2 [as effect] (http://[::1]:5173/node_modules/.vite/deps/alpinejs.js?v=415d4dfb:1721:5)
    at effect (http://[::1]:5173/node_modules/.vite/deps/alpinejs.js?v=415d4dfb:51:33)
    at wrappedEffect (http://[::1]:5173/node_modules/.vite/deps/alpinejs.js?v=415d4dfb:67:27)
    at Function.<anonymous> (http://[::1]:5173/node_modules/.vite/deps/alpinejs.js?v=415d4dfb:3008:3)
    at flushHandlers (http://[::1]:5173/node_modules/.vite/deps/alpinejs.js?v=415d4dfb:587:46) @ http://[::1]:5173/resources/js/app.js:146
[  171005ms] ReferenceError: sortAsc is not defined
    at [Alpine] sortAsc (eval at safeAsyncFunction (http://[::1]:5173/node_modules/.vite/deps/alpinejs.js?v=415d4dfb:477:19), <anonymous>:3:32)
    at http://[::1]:5173/node_modules/.vite/deps/alpinejs.js?v=415d4dfb:502:21
    at tryCatch (http://[::1]:5173/node_modules/.vite/deps/alpinejs.js?v=415d4dfb:416:12)
    at http://[::1]:5173/node_modules/.vite/deps/alpinejs.js?v=415d4dfb:3008:17
    at reactiveEffect (http://[::1]:5173/node_modules/.vite/deps/alpinejs.js?v=415d4dfb:1746:16)
    at Object.effect2 [as effect] (http://[::1]:5173/node_modules/.vite/deps/alpinejs.js?v=415d4dfb:1721:5)
    at effect (http://[::1]:5173/node_modules/.vite/deps/alpinejs.js?v=415d4dfb:51:33)
    at wrappedEffect (http://[::1]:5173/node_modules/.vite/deps/alpinejs.js?v=415d4dfb:67:27)
    at Function.<anonymous> (http://[::1]:5173/node_modules/.vite/deps/alpinejs.js?v=415d4dfb:3008:3)
    at flushHandlers (http://[::1]:5173/node_modules/.vite/deps/alpinejs.js?v=415d4dfb:587:46)
[  171004ms] [ERROR] [sopas] error global: ReferenceError: sortAsc is not defined
    at [Alpine] !sortAsc (eval at safeAsyncFunction (http://[::1]:5173/node_modules/.vite/deps/alpinejs.js?v=415d4dfb:477:19), <anonymous>:3:33)
    at http://[::1]:5173/node_modules/.vite/deps/alpinejs.js?v=415d4dfb:502:21
    at tryCatch (http://[::1]:5173/node_modules/.vite/deps/alpinejs.js?v=415d4dfb:416:12)
    at http://[::1]:5173/node_modules/.vite/deps/alpinejs.js?v=415d4dfb:3008:17
    at reactiveEffect (http://[::1]:5173/node_modules/.vite/deps/alpinejs.js?v=415d4dfb:1746:16)
    at Object.effect2 [as effect] (http://[::1]:5173/node_modules/.vite/deps/alpinejs.js?v=415d4dfb:1721:5)
    at effect (http://[::1]:5173/node_modules/.vite/deps/alpinejs.js?v=415d4dfb:51:33)
    at wrappedEffect (http://[::1]:5173/node_modules/.vite/deps/alpinejs.js?v=415d4dfb:67:27)
    at Function.<anonymous> (http://[::1]:5173/node_modules/.vite/deps/alpinejs.js?v=415d4dfb:3008:3)
    at flushHandlers (http://[::1]:5173/node_modules/.vite/deps/alpinejs.js?v=415d4dfb:587:46) @ http://[::1]:5173/resources/js/app.js:146
[  171005ms] ReferenceError: sortAsc is not defined
    at [Alpine] !sortAsc (eval at safeAsyncFunction (http://[::1]:5173/node_modules/.vite/deps/alpinejs.js?v=415d4dfb:477:19), <anonymous>:3:33)
    at http://[::1]:5173/node_modules/.vite/deps/alpinejs.js?v=415d4dfb:502:21
    at tryCatch (http://[::1]:5173/node_modules/.vite/deps/alpinejs.js?v=415d4dfb:416:12)
    at http://[::1]:5173/node_modules/.vite/deps/alpinejs.js?v=415d4dfb:3008:17
    at reactiveEffect (http://[::1]:5173/node_modules/.vite/deps/alpinejs.js?v=415d4dfb:1746:16)
    at Object.effect2 [as effect] (http://[::1]:5173/node_modules/.vite/deps/alpinejs.js?v=415d4dfb:1721:5)
    at effect (http://[::1]:5173/node_modules/.vite/deps/alpinejs.js?v=415d4dfb:51:33)
    at wrappedEffect (http://[::1]:5173/node_modules/.vite/deps/alpinejs.js?v=415d4dfb:67:27)
    at Function.<anonymous> (http://[::1]:5173/node_modules/.vite/deps/alpinejs.js?v=415d4dfb:3008:3)
    at flushHandlers (http://[::1]:5173/node_modules/.vite/deps/alpinejs.js?v=415d4dfb:587:46)
[  171004ms] [ERROR] [sopas] error global: ReferenceError: sortAsc is not defined
    at [Alpine] sortAsc (eval at safeAsyncFunction (http://[::1]:5173/node_modules/.vite/deps/alpinejs.js?v=415d4dfb:477:19), <anonymous>:3:32)
    at http://[::1]:5173/node_modules/.vite/deps/alpinejs.js?v=415d4dfb:502:21
    at tryCatch (http://[::1]:5173/node_modules/.vite/deps/alpinejs.js?v=415d4dfb:416:12)
    at http://[::1]:5173/node_modules/.vite/deps/alpinejs.js?v=415d4dfb:3008:17
    at reactiveEffect (http://[::1]:5173/node_modules/.vite/deps/alpinejs.js?v=415d4dfb:1746:16)
    at Object.effect2 [as effect] (http://[::1]:5173/node_modules/.vite/deps/alpinejs.js?v=415d4dfb:1721:5)
    at effect (http://[::1]:5173/node_modules/.vite/deps/alpinejs.js?v=415d4dfb:51:33)
    at wrappedEffect (http://[::1]:5173/node_modules/.vite/deps/alpinejs.js?v=415d4dfb:67:27)
    at Function.<anonymous> (http://[::1]:5173/node_modules/.vite/deps/alpinejs.js?v=415d4dfb:3008:3)
    at flushHandlers (http://[::1]:5173/node_modules/.vite/deps/alpinejs.js?v=415d4dfb:587:46) @ http://[::1]:5173/resources/js/app.js:146
[  171005ms] ReferenceError: sortAsc is not defined
    at [Alpine] sortAsc (eval at safeAsyncFunction (http://[::1]:5173/node_modules/.vite/deps/alpinejs.js?v=415d4dfb:477:19), <anonymous>:3:32)
    at http://[::1]:5173/node_modules/.vite/deps/alpinejs.js?v=415d4dfb:502:21
    at tryCatch (http://[::1]:5173/node_modules/.vite/deps/alpinejs.js?v=415d4dfb:416:12)
    at http://[::1]:5173/node_modules/.vite/deps/alpinejs.js?v=415d4dfb:3008:17
    at reactiveEffect (http://[::1]:5173/node_modules/.vite/deps/alpinejs.js?v=415d4dfb:1746:16)
    at Object.effect2 [as effect] (http://[::1]:5173/node_modules/.vite/deps/alpinejs.js?v=415d4dfb:1721:5)
    at effect (http://[::1]:5173/node_modules/.vite/deps/alpinejs.js?v=415d4dfb:51:33)
    at wrappedEffect (http://[::1]:5173/node_modules/.vite/deps/alpinejs.js?v=415d4dfb:67:27)
    at Function.<anonymous> (http://[::1]:5173/node_modules/.vite/deps/alpinejs.js?v=415d4dfb:3008:3)
    at flushHandlers (http://[::1]:5173/node_modules/.vite/deps/alpinejs.js?v=415d4dfb:587:46)
[  171005ms] [ERROR] [sopas] error global: ReferenceError: sortAsc is not defined
    at [Alpine] !sortAsc (eval at safeAsyncFunction (http://[::1]:5173/node_modules/.vite/deps/alpinejs.js?v=415d4dfb:477:19), <anonymous>:3:33)
    at http://[::1]:5173/node_modules/.vite/deps/alpinejs.js?v=415d4dfb:502:21
    at tryCatch (http://[::1]:5173/node_modules/.vite/deps/alpinejs.js?v=415d4dfb:416:12)
    at http://[::1]:5173/node_modules/.vite/deps/alpinejs.js?v=415d4dfb:3008:17
    at reactiveEffect (http://[::1]:5173/node_modules/.vite/deps/alpinejs.js?v=415d4dfb:1746:16)
    at Object.effect2 [as effect] (http://[::1]:5173/node_modules/.vite/deps/alpinejs.js?v=415d4dfb:1721:5)
    at effect (http://[::1]:5173/node_modules/.vite/deps/alpinejs.js?v=415d4dfb:51:33)
    at wrappedEffect (http://[::1]:5173/node_modules/.vite/deps/alpinejs.js?v=415d4dfb:67:27)
    at Function.<anonymous> (http://[::1]:5173/node_modules/.vite/deps/alpinejs.js?v=415d4dfb:3008:3)
    at flushHandlers (http://[::1]:5173/node_modules/.vite/deps/alpinejs.js?v=415d4dfb:587:46) @ http://[::1]:5173/resources/js/app.js:146
[  171006ms] ReferenceError: sortAsc is not defined
    at [Alpine] !sortAsc (eval at safeAsyncFunction (http://[::1]:5173/node_modules/.vite/deps/alpinejs.js?v=415d4dfb:477:19), <anonymous>:3:33)
    at http://[::1]:5173/node_modules/.vite/deps/alpinejs.js?v=415d4dfb:502:21
    at tryCatch (http://[::1]:5173/node_modules/.vite/deps/alpinejs.js?v=415d4dfb:416:12)
    at http://[::1]:5173/node_modules/.vite/deps/alpinejs.js?v=415d4dfb:3008:17
    at reactiveEffect (http://[::1]:5173/node_modules/.vite/deps/alpinejs.js?v=415d4dfb:1746:16)
    at Object.effect2 [as effect] (http://[::1]:5173/node_modules/.vite/deps/alpinejs.js?v=415d4dfb:1721:5)
    at effect (http://[::1]:5173/node_modules/.vite/deps/alpinejs.js?v=415d4dfb:51:33)
    at wrappedEffect (http://[::1]:5173/node_modules/.vite/deps/alpinejs.js?v=415d4dfb:67:27)
    at Function.<anonymous> (http://[::1]:5173/node_modules/.vite/deps/alpinejs.js?v=415d4dfb:3008:3)
    at flushHandlers (http://[::1]:5173/node_modules/.vite/deps/alpinejs.js?v=415d4dfb:587:46)
[  171005ms] [ERROR] [sopas] error global: ReferenceError: sortAsc is not defined
    at [Alpine] sortAsc (eval at safeAsyncFunction (http://[::1]:5173/node_modules/.vite/deps/alpinejs.js?v=415d4dfb:477:19), <anonymous>:3:32)
    at http://[::1]:5173/node_modules/.vite/deps/alpinejs.js?v=415d4dfb:502:21
    at tryCatch (http://[::1]:5173/node_modules/.vite/deps/alpinejs.js?v=415d4dfb:416:12)
    at http://[::1]:5173/node_modules/.vite/deps/alpinejs.js?v=415d4dfb:3008:17
    at reactiveEffect (http://[::1]:5173/node_modules/.vite/deps/alpinejs.js?v=415d4dfb:1746:16)
    at Object.effect2 [as effect] (http://[::1]:5173/node_modules/.vite/deps/alpinejs.js?v=415d4dfb:1721:5)
    at effect (http://[::1]:5173/node_modules/.vite/deps/alpinejs.js?v=415d4dfb:51:33)
    at wrappedEffect (http://[::1]:5173/node_modules/.vite/deps/alpinejs.js?v=415d4dfb:67:27)
    at Function.<anonymous> (http://[::1]:5173/node_modules/.vite/deps/alpinejs.js?v=415d4dfb:3008:3)
    at flushHandlers (http://[::1]:5173/node_modules/.vite/deps/alpinejs.js?v=415d4dfb:587:46) @ http://[::1]:5173/resources/js/app.js:146
[  171006ms] ReferenceError: sortAsc is not defined
    at [Alpine] sortAsc (eval at safeAsyncFunction (http://[::1]:5173/node_modules/.vite/deps/alpinejs.js?v=415d4dfb:477:19), <anonymous>:3:32)
    at http://[::1]:5173/node_modules/.vite/deps/alpinejs.js?v=415d4dfb:502:21
    at tryCatch (http://[::1]:5173/node_modules/.vite/deps/alpinejs.js?v=415d4dfb:416:12)
    at http://[::1]:5173/node_modules/.vite/deps/alpinejs.js?v=415d4dfb:3008:17
    at reactiveEffect (http://[::1]:5173/node_modules/.vite/deps/alpinejs.js?v=415d4dfb:1746:16)
    at Object.effect2 [as effect] (http://[::1]:5173/node_modules/.vite/deps/alpinejs.js?v=415d4dfb:1721:5)
    at effect (http://[::1]:5173/node_modules/.vite/deps/alpinejs.js?v=415d4dfb:51:33)
    at wrappedEffect (http://[::1]:5173/node_modules/.vite/deps/alpinejs.js?v=415d4dfb:67:27)
    at Function.<anonymous> (http://[::1]:5173/node_modules/.vite/deps/alpinejs.js?v=415d4dfb:3008:3)
    at flushHandlers (http://[::1]:5173/node_modules/.vite/deps/alpinejs.js?v=415d4dfb:587:46)
[  171005ms] [ERROR] [sopas] error global: ReferenceError: sortAsc is not defined
    at [Alpine] !sortAsc (eval at safeAsyncFunction (http://[::1]:5173/node_modules/.vite/deps/alpinejs.js?v=415d4dfb:477:19), <anonymous>:3:33)
    at http://[::1]:5173/node_modules/.vite/deps/alpinejs.js?v=415d4dfb:502:21
    at tryCatch (http://[::1]:5173/node_modules/.vite/deps/alpinejs.js?v=415d4dfb:416:12)
    at http://[::1]:5173/node_modules/.vite/deps/alpinejs.js?v=415d4dfb:3008:17
    at reactiveEffect (http://[::1]:5173/node_modules/.vite/deps/alpinejs.js?v=415d4dfb:1746:16)
    at Object.effect2 [as effect] (http://[::1]:5173/node_modules/.vite/deps/alpinejs.js?v=415d4dfb:1721:5)
    at effect (http://[::1]:5173/node_modules/.vite/deps/alpinejs.js?v=415d4dfb:51:33)
    at wrappedEffect (http://[::1]:5173/node_modules/.vite/deps/alpinejs.js?v=415d4dfb:67:27)
    at Function.<anonymous> (http://[::1]:5173/node_modules/.vite/deps/alpinejs.js?v=415d4dfb:3008:3)
    at flushHandlers (http://[::1]:5173/node_modules/.vite/deps/alpinejs.js?v=415d4dfb:587:46) @ http://[::1]:5173/resources/js/app.js:146
[  171006ms] ReferenceError: sortAsc is not defined
    at [Alpine] !sortAsc (eval at safeAsyncFunction (http://[::1]:5173/node_modules/.vite/deps/alpinejs.js?v=415d4dfb:477:19), <anonymous>:3:33)
    at http://[::1]:5173/node_modules/.vite/deps/alpinejs.js?v=415d4dfb:502:21
    at tryCatch (http://[::1]:5173/node_modules/.vite/deps/alpinejs.js?v=415d4dfb:416:12)
    at http://[::1]:5173/node_modules/.vite/deps/alpinejs.js?v=415d4dfb:3008:17
    at reactiveEffect (http://[::1]:5173/node_modules/.vite/deps/alpinejs.js?v=415d4dfb:1746:16)
    at Object.effect2 [as effect] (http://[::1]:5173/node_modules/.vite/deps/alpinejs.js?v=415d4dfb:1721:5)
    at effect (http://[::1]:5173/node_modules/.vite/deps/alpinejs.js?v=415d4dfb:51:33)
    at wrappedEffect (http://[::1]:5173/node_modules/.vite/deps/alpinejs.js?v=415d4dfb:67:27)
    at Function.<anonymous> (http://[::1]:5173/node_modules/.vite/deps/alpinejs.js?v=415d4dfb:3008:3)
    at flushHandlers (http://[::1]:5173/node_modules/.vite/deps/alpinejs.js?v=415d4dfb:587:46)
[  171006ms] [ERROR] [sopas] error global: ReferenceError: sortAsc is not defined
    at [Alpine] sortAsc (eval at safeAsyncFunction (http://[::1]:5173/node_modules/.vite/deps/alpinejs.js?v=415d4dfb:477:19), <anonymous>:3:32)
    at http://[::1]:5173/node_modules/.vite/deps/alpinejs.js?v=415d4dfb:502:21
    at tryCatch (http://[::1]:5173/node_modules/.vite/deps/alpinejs.js?v=415d4dfb:416:12)
    at http://[::1]:5173/node_modules/.vite/deps/alpinejs.js?v=415d4dfb:3008:17
    at reactiveEffect (http://[::1]:5173/node_modules/.vite/deps/alpinejs.js?v=415d4dfb:1746:16)
    at Object.effect2 [as effect] (http://[::1]:5173/node_modules/.vite/deps/alpinejs.js?v=415d4dfb:1721:5)
    at effect (http://[::1]:5173/node_modules/.vite/deps/alpinejs.js?v=415d4dfb:51:33)
    at wrappedEffect (http://[::1]:5173/node_modules/.vite/deps/alpinejs.js?v=415d4dfb:67:27)
    at Function.<anonymous> (http://[::1]:5173/node_modules/.vite/deps/alpinejs.js?v=415d4dfb:3008:3)
    at flushHandlers (http://[::1]:5173/node_modules/.vite/deps/alpinejs.js?v=415d4dfb:587:46) @ http://[::1]:5173/resources/js/app.js:146
[  171006ms] ReferenceError: sortAsc is not defined
    at [Alpine] sortAsc (eval at safeAsyncFunction (http://[::1]:5173/node_modules/.vite/deps/alpinejs.js?v=415d4dfb:477:19), <anonymous>:3:32)
    at http://[::1]:5173/node_modules/.vite/deps/alpinejs.js?v=415d4dfb:502:21
    at tryCatch (http://[::1]:5173/node_modules/.vite/deps/alpinejs.js?v=415d4dfb:416:12)
    at http://[::1]:5173/node_modules/.vite/deps/alpinejs.js?v=415d4dfb:3008:17
    at reactiveEffect (http://[::1]:5173/node_modules/.vite/deps/alpinejs.js?v=415d4dfb:1746:16)
    at Object.effect2 [as effect] (http://[::1]:5173/node_modules/.vite/deps/alpinejs.js?v=415d4dfb:1721:5)
    at effect (http://[::1]:5173/node_modules/.vite/deps/alpinejs.js?v=415d4dfb:51:33)
    at wrappedEffect (http://[::1]:5173/node_modules/.vite/deps/alpinejs.js?v=415d4dfb:67:27)
    at Function.<anonymous> (http://[::1]:5173/node_modules/.vite/deps/alpinejs.js?v=415d4dfb:3008:3)
    at flushHandlers (http://[::1]:5173/node_modules/.vite/deps/alpinejs.js?v=415d4dfb:587:46)
[  171006ms] [ERROR] [sopas] error global: ReferenceError: sortAsc is not defined
    at [Alpine] !sortAsc (eval at safeAsyncFunction (http://[::1]:5173/node_modules/.vite/deps/alpinejs.js?v=415d4dfb:477:19), <anonymous>:3:33)
    at http://[::1]:5173/node_modules/.vite/deps/alpinejs.js?v=415d4dfb:502:21
    at tryCatch (http://[::1]:5173/node_modules/.vite/deps/alpinejs.js?v=415d4dfb:416:12)
    at http://[::1]:5173/node_modules/.vite/deps/alpinejs.js?v=415d4dfb:3008:17
    at reactiveEffect (http://[::1]:5173/node_modules/.vite/deps/alpinejs.js?v=415d4dfb:1746:16)
    at Object.effect2 [as effect] (http://[::1]:5173/node_modules/.vite/deps/alpinejs.js?v=415d4dfb:1721:5)
    at effect (http://[::1]:5173/node_modules/.vite/deps/alpinejs.js?v=415d4dfb:51:33)
    at wrappedEffect (http://[::1]:5173/node_modules/.vite/deps/alpinejs.js?v=415d4dfb:67:27)
    at Function.<anonymous> (http://[::1]:5173/node_modules/.vite/deps/alpinejs.js?v=415d4dfb:3008:3)
    at flushHandlers (http://[::1]:5173/node_modules/.vite/deps/alpinejs.js?v=415d4dfb:587:46) @ http://[::1]:5173/resources/js/app.js:146
[  171006ms] ReferenceError: sortAsc is not defined
    at [Alpine] !sortAsc (eval at safeAsyncFunction (http://[::1]:5173/node_modules/.vite/deps/alpinejs.js?v=415d4dfb:477:19), <anonymous>:3:33)
    at http://[::1]:5173/node_modules/.vite/deps/alpinejs.js?v=415d4dfb:502:21
    at tryCatch (http://[::1]:5173/node_modules/.vite/deps/alpinejs.js?v=415d4dfb:416:12)
    at http://[::1]:5173/node_modules/.vite/deps/alpinejs.js?v=415d4dfb:3008:17
    at reactiveEffect (http://[::1]:5173/node_modules/.vite/deps/alpinejs.js?v=415d4dfb:1746:16)
    at Object.effect2 [as effect] (http://[::1]:5173/node_modules/.vite/deps/alpinejs.js?v=415d4dfb:1721:5)
    at effect (http://[::1]:5173/node_modules/.vite/deps/alpinejs.js?v=415d4dfb:51:33)
    at wrappedEffect (http://[::1]:5173/node_modules/.vite/deps/alpinejs.js?v=415d4dfb:67:27)
    at Function.<anonymous> (http://[::1]:5173/node_modules/.vite/deps/alpinejs.js?v=415d4dfb:3008:3)
    at flushHandlers (http://[::1]:5173/node_modules/.vite/deps/alpinejs.js?v=415d4dfb:587:46)
